标题,年份,类型,媒体类型,个人评分,观影日期,简介,封面,背景图,演员
好久不见,2018,,tv,6.5,2026-03-13,该剧以都市生活为背景，讲述了家境一般的花朵朵与富家大少贺言误打误撞相识，从水火不容到共同创业彼此许诺的故事。该剧于2018年3月26日在北京卫视、东方卫视首播，并在爱奇艺、腾讯视频、优酷同步播出。,https://images.tmdb.org/t/p/w342/nnU4nfadB0I6lpdcEDNxNAxlVTG.jpg,https://images.tmdb.org/t/p/w780/xLmUvramMwakXviQCPfJOXDJHG0.jpg,杨子姗;郑恺;张国立;江珊;逯恣祯;田雷;钟楚曦;周宸佳;王森;王建新
临时演员,2017,,movie,7.5,2026-03-11,梁丹妮（热依扎 饰）是演艺圈里冉冉升起的一颗新星，有着持续升温的人气和无量的前途。然而，一场意外的发生让狗仔记者们拍到了她和一个名为李非凡（郑恺 饰）的男子在旅店的亲密照，虽然这一切只是一场误会，但一切澄清和洗白都为时已晚。  　　实际上，梁丹妮已经有了一位交往已久的男友—— 地产富商石非凡（郭晓冬 饰），为了挽回女友的声誉，石非凡扎到了李非凡，给了后者巨额报酬，要求他成为梁丹妮的“临时男友”，经受不住巨大利益的诱惑，李非凡沦陷了。一边是养尊处优的女明星，一边是低眉顺眼的代驾小哥，这一对性格和身份迥异的男女凑到一起，闹出了无数的矛盾和笑料。,https://images.tmdb.org/t/p/w342/4Y6qaiZoNnCX2r9VmbRqMqmZa8j.jpg,https://images.tmdb.org/t/p/w780/pzG8u7Yb1JUyQpZBMLIfbcvTG4i.jpg,郑恺;热依扎;郭晓东;殷桃;林雪;林保怡
萨利机长,2016,,movie,9,2026-03-11,2009年1月15日，萨利（汤姆·汉克斯）在全美航空1549号班担任机长，飞机起飞两分钟后遭到飞鸟攻击，两架发动机全部熄火，萨利决定在哈德逊河上迫降，155人全数生还。但之后的调查显示他做了错误的抉择，认为大可选择返回拉瓜地亚机场。机内到底发生了什么呢？,https://images.tmdb.org/t/p/w342/h0EXy3NqR3q5rkHFIDTpDqtfgET.jpg,https://images.tmdb.org/t/p/w780/oQ024BtJgArg8WI4zfuc2vkCJno.jpg,汤姆·汉克斯;艾伦·艾克哈特;安娜·冈;霍特·麦克卡兰尼;迈克·奥麦利;杰米·谢尔丹;维勒莉·玛哈菲;Delphi Harrington;艾哈迈德·卢坎;劳拉·琳妮
壮志高飞,2021,,tv,8,2026-03-10,仲夏航空副驾肖默在一次飞行途中意外发现火情，间接造成了航空公司太子爷夏宇母亲过世。尽管公司最后判定肖默没有责任，但肖默还是因为内疚辞去飞行员职务，成为了一名维修师。两年后，肖默重回飞行队，在航校复训期间重遇已是飞行学员的夏宇，两人更意外都喜欢上了性格率真的女飞吴迪，三人陷入了情感纠葛。此时一份未完的调查报告突然出现，两年前未知的真相让众人对肖默怀疑再起，眼看肖默再次面临停飞，吴迪的心也开始渐渐向夏宇靠拢。此时的肖默不再退缩，用尽方法查出两年前事故的来龙去脉，肖默力证了自己的清白和作为一个飞行员的实力，再次重返蓝天。,https://images.tmdb.org/t/p/w342/zs9lAXkMXpWz8xp0WOvGixeQJRC.jpg,https://images.tmdb.org/t/p/w780/t9je3LHS9ZVBn99D1tAlLpKfoFT.jpg,陈乔恩;郑恺;朱梓骁;吕一;胡兵;赵子琪;吴建飞;许潇晗;刘卫华;于垚
一见不钟情,2014,,tv,8.5,2026-03-09,费洛洛是一名婚礼策划师，从小成长在幸福美满的家庭之中，从事的又是给人牵线搭桥的事业，费洛洛对于爱情抱有着天真而又浪漫的想法。陆哲希的爱情观和费洛洛恰恰相反，从小就见识过人情冷暖的他早就练就了一副钢铁心肠，因此，长大后，他成为了一位出色的“分手专 家”。就是这样两个性格迥异的人，他们相遇了，随着时间的推移，费洛洛从陆哲希的冷漠和封闭中看到了善良与渴望，陆哲希亦被费洛洛的乐观和开朗所打动，就在两人即将走到一起之时，陆哲希的前女友瑞芝突然现身，她的出现给费洛洛和陆哲希之间的感情带来了毁灭性的打击。,https://images.tmdb.org/t/p/w342/mxhSxRj3Wb3MYdeoRwK9WcObjDV.jpg,https://images.tmdb.org/t/p/w780/oezSznhLSfgX9kvU3prDiKbAVKO.jpg,杨丞琳;郑恺;杨壹童;张勋杰;纪宁;恬妞;邵雨薇;董可飞
升学宴上，我为儿子一局翻盘,2026,,short,7.5,2026-02-25,在江城赌坛曾被誉为“赌圣”的李玉梅，带着年幼的儿子赵钦锋隐姓埋名，躲进偏远农村靠卖菜为生。她将千术绝技深埋心底。为救独苗，隐退多年的赌圣李玉梅被迫重出江湖，踏上赌桌。然而在追查赌局黑手时，她竟发现十八年前丈夫的惨死，与今日的陷阱有着千丝万缕的联系！,https://p3-reading-sign.fqnovelpic.com/novel-pic/0a4db26d3f54b498764159074c31a25f~tplv-81nmtwyey9-superreso-aifit:1200:0.image?lk3s=253f70db&x-expires=1777259920&x-signature=DczvBAWOuimcpMcpOQlKH%2FsTGFE%3D,,武帅康
婆婆要我假离婚，我假戏真做,2026,,short,6.5,2026-02-25,沈青嫁入刘家，彩礼寒酸，受尽婆婆的轻蔑。可当小叔子订婚，婆婆豪掷千金，更当众羞辱沈青是小门小户。丈夫不仅不维护，反而动手家暴。彻底心死的沈青与闺蜜暗中布局，合演一场老家拆迁，每人可分八十万的大戏。贪心的婆家立刻变脸，主动补彩礼、迁孩子户口，更为了多分钱怂恿“假离婚”。沈青顺水推舟，将房产车子全部过户己有。离婚证到手，她立刻带儿子消失。这场精心设计的复仇，让贪婪者吞下自己种下的苦果。,https://p6-novel.byteimg.com/novel-pic/66f792b3f740c043989f7f29b5b5dad0~tplv-shrink:640:0.image,,刘皓圻
热血乒乓,2025,,short,8,2026/2/24,球王林峰统治乒坛十二年，却遭至亲背叛，身败名裂后被禁赛，他发誓不再碰乒乓球拍，隐姓埋名在白龙小学做数学老师。校长张玉兰为孩子们前途，申请到青训补助款，却被市重点小学抢夺。重点小学体育老师讽刺白龙小学异想天开。为拿回钱款和荣誉，张玉兰不自量力向乒乓强校求精小学发起决战。白龙小学陷入绝境，发誓不再碰乒乓的林峰被孩子们触动，终于重返赛场。他以绝对实力宣告王者归来，为白龙小学赢得荣誉。,https://p3-novel-sign.byteimg.com/novel-pic/9ae324b8f70365a44b68533754025b0c~tplv-resize:0:720.webp?lk3s=4a76a7c7&x-expires=1779465543&x-signature=NldYDuWeIfTZRJEt8xttbbRj%2FAo%3D,,秦远
决战前,2012,,tv,8,2026/2/24,1939年，第一次长沙会战结束。日军利用汪伪政府源源不断的军需物资补充，准备开始第二次长沙会战，汪伪政府特派员唐宗年负责与日方谈判。军统上海站站长、少将冯楚良奉戴立命派刺客叶锦堂刺杀唐宗年。与此同时，上海地下党韩冬麟接获上级命令，证实唐宗年有意将汪伪政府的卖国行径诏告天下，必须倾全力保护唐宗年去香港。一场刺杀与反刺杀的活动展开，我中共地下党联合军中抗日爱国志士，联手破获日军重要情报，铲除了潜伏在军统组织里的日军间谍，确保了第二次长沙会战中国军队的胜利。,https://image.tmdb.org/t/p/w342/ofhGDHoH8a7m42whFSs2RIctc6z.jpg,,杨溢;张晨光;万茜;侯煜;吕凉;三浦研一
劫中劫,2014,,tv,8.5,2026/2/24,该剧讲述了抗日期间，爱国勇士和侵略者围绕一艘装载秘密武器的巨型海轮展开的一场斗智斗勇的生死较量。,https://image.tmdb.org/t/p/w342/v3bfVL2K22TXhTqBuh6bRkJoyBw.jpg,https://image.tmdb.org/t/p/w780/es3FfMvdh1NNR3Jq16USbct02Jn.jpg,郭晓东;杨溢;贾青;万梓良;吕凉;三浦研一;侯煜
知京冬风雪,2026,爱情;剧情,short,8.5,2026-02-22,2025年大年夜，林知允借了知名大律师袁逐风的打火机。在那个孤寂的夜里，袁逐风点燃了属于林知允的新年烟火，也点燃了她骨子里的火。那之后，林知允悸动克制，袁逐风宠溺放纵，他极富耐心，替她遮风挡雨，手把手的教林知允勾引自己，指引着她入侵他的世界。我爱你，但你是自由的。无需等待冬天过去，但盼风雪来，与你共白首。,https://p6-novel.byteimg.com/novel-pic/74acdb132758b9e0a466cc821506ecaf~tplv-shrink:640:0.image,,王凯沐;王格格
玄学老祖靠直播算命爆红全网,2026,,short,8,2026/2/21,玄门传人霍凝意外穿越，成为被家族抛弃的丑女。为还债她摆摊算命，凭借玄学术法爆红网络，却逐渐发现原主母亲的家族遭生父霍振廷用邪术迫害。霍凝一边直播助人解厄，一边追查真相，最终揭穿父亲、继母与继妹的阴谋，化解家族诅咒，让恶人自食其果。她则带着徒弟逍遥度日，继续以直播算命帮助众生。,https://p6-novel-sign.byteimg.com/novel-pic/4dcbeb2aa9f1611cd17a2ba9146ddfb1~tplv-resize:0:720.webp?lk3s=4a76a7c7&x-expires=1777427903&x-signature=3RuAmDdEQr7sIWn49dhQy4cYl3s%3D,,朱茉颜;左铭
无声的誓言,2025,,short,8.5,2026/2/21,1937年夏，日军于滨江演习。成玉化名邮递员陈明追求梅香，卷入“杀其马计划”风波。其父成震山遇刺前将计划托付成玉，命其等待联络人。成玉发现梅香实为日本间谍。核心人物乔俊生牺牲后，成玉与司机阿昌、潜伏警员严若男合作，从八音盒中破解加密文本。梅香纵火逼计划，被成玉反杀。严若男身份揭晓，实为俊生妻妹。成玉加入抗日组织，与严若男因任务分离。最终，“杀其马计划”重启，众人奔赴前线。,https://cdn.zhaoduanju.cn/cover/2025/12/MWMDNcIqLIrMfUTGj0ewlfBjasLTIlnFbCBWG4QU.jpg,,左铭
千门无间,2026,,short,8.5,2026/2/5,北派千术天才吴赦为给哥哥报仇接受卧底任务。为了接近目标赌王宋清河，深入黑帮救下其妹宋之遥，并通过高超千术赢得了宋清河信任。但却意外发现杀死哥哥的仇人就是宋清河，吴赦一边伺机复仇一边洞察到更大的阴谋——倭国赌神鬼王企图倾吞龙国赌业。吴赦在宋清河的牺牲铺路下，潜入鬼王的队伍，在终极对决的“深渊赌局”上完成了复仇。,https://p3-novel-sign.byteimg.com/novel-pic/fb2ea89804d572a4d779dea74d32464f~tplv-resize:0:720.webp?lk3s=4a76a7c7&x-expires=1777997092&x-signature=X1RmGKEIAaOzZ9h4HFweb9klxGk%3D,,王凯沐
离婚，先问过我公婆再说,2025,,short,8.5,2026/2/3,金牌翻译宋金金穿书成男主陆砚川的炮灰前妻，为避渣男叶景和，恳求在陆家多住一月。她一改原主傲慢，主动做家务、展翻译才华赚钱，获陆家众人改观。相处中，宋金金与陆砚川关系缓和，团建打卡、应对意外时渐生默契，陆砚川也被她吸引，默默守护。在陆家温情中重思婚姻未来，陆砚川对她的情感亦悄然改变。,https://p6-novel-sign.byteimg.com/novel-pic/30b1589f620687232ac15b42bb51105d~tplv-resize:0:720.webp?lk3s=4a76a7c7&x-expires=1775359804&x-signature=kRB8YlThA2FiRHPRSXkpuiqIxjw%3D,,徐霄
端脑,2017,,tv,8.5,2026/1/18,少年夏驰天性纯良、聪明缜密，是学校推理社的成员。在一次推理社活动之后，接触过“季陆案件”的夏驰女友晴知神秘失踪，为了寻找晴知，夏驰和好友孟秦无意中发现了一个名为“端脑”的虚拟游戏组织，并一起进入了端脑游戏的世界。在一局一局的推理游戏中，夏驰和孟秦经历了各种人性和智慧的考验，也目睹了这个游戏背后“端脑”组织拥有的巨大权力和财富，更不断怀疑和挑战着这个游戏的最终目的。经过各种九死一生、危险重重的考验，夏驰最终抵制住来自“端脑”世界的种种诱惑，救出了晴知，揭开了端脑游戏的真正目的，并发现了与地球处在平行宇宙中的另一个星球的存在。而端脑，则是这个星球为了平衡两个宇宙而打算消灭地球文明的一个危险计划,https://image.tmdb.org/t/p/w342/klID8sCRD15M30NBUmgB8INiSgE.jpg,,朱元冰;蒋依依;杨奇煜
我的朋友安德烈,2026,,movie,8.5,2026/1/17,性格迥异的李默（刘昊然 饰）与安德烈（董子健 饰）因为足球成为知己，而一场意外却让安德烈跟随年少往事一起消失在了李默的记忆中。多年后，李默在为父亲奔丧路上与安德烈“重逢”，一段尘封的回忆被逐渐揭开……,https://image.tmdb.org/t/p/w342/rEZ64PPreR93T56gfYjf9pRbvU9.jpg,,刘昊然;董子健
诡舍,2025,,short,9,2026/1/16,未来夏国，杀手宁秋水误入神秘别墅诡舍。诡舍主理人言叔告知他，唯有进入异空间“血门”并战胜其中的“魅”，方能活命。在第一道血门中，宁秋水识破了伪装成女主人的“魅”，顺利通关，而第二道血门考验更为艰难——他必须化解一场横亘百年的恩怨，才有机会逃出生天。,https://p3-novel-sign.byteimg.com/novel-pic/aa6fa6cc47f2344425c1128141117ea6~tplv-resize:0:720.webp?lk3s=4a76a7c7&x-expires=1774802357&x-signature=j%2BSSQeqAigwcM0%2BppMxtTkJU6mc%3D,,赵志伟
我的大叔,2018,,tv,9.5,2026/1/15,韩国tvN于2018年3月21日起播出的水木连续剧，由《Signal》金元锡导演执导与《又，吴海英》朴惠英作家合作打造。此剧以拥有相同沉重的生活负担40岁男人与20岁女人出发，讲述他们互相观察并治愈对方的故事。,https://media.themoviedb.org/t/p/w440_and_h660_face/n1SZlu1yWqQYYkSXbV2Smzp4rrs.jpg,,李知恩;李善均;高斗心
台风天，镜子叫我别开门,2025,,short,8,2026/1/6,台风天，白富美沈宁本想让男友程远来家避难。开门前却在穿衣镜中预见未来惨状——被凤凰男的全家囚禁逼婚虐待致死。程远带着全家人在门外敲砸诱骗，沈宁隔着一道门与之周旋，斗智斗勇，最终设局掌握证据，将程远送进监狱。两年后，镜子突然再次亮了起来。沈宁看到，刚出狱后的程远不知何时站在她身后，死死捂住她的嘴。,https://p9-novel-sign.byteimg.com/novel-pic/b93eeda66d5ad9d2efd0ac7001cb3768~tplv-resize:0:720.webp?lk3s=4a76a7c7&x-expires=1775535498&x-signature=yVdk7qOzNeXFkYapbvhfQPuy%2Fzk%3D,,齐宥澄
七零养娃日常,2025,,short,8.5,2026/1/2,天才医生李欣玥穿成了七十年代的军嫂，却也是一个五年来男人不闻不问的女人。军官老公因被原主强嫁了，新婚次日就离开了，一走就是五年。留给她的是一个比猴子还轻的儿子、一个极品到无语的婆家……李欣玥知道军官老公不爱原主，甚至这孩子也是原主给军官老公下药来的。现代女性，能屈能伸，既然不爱，那就离吧！军官老公因此展开漫长的追妻之旅。,https://p9-novel-sign.byteimg.com/novel-pic/b3cda914247bb17a8334a5d8e107c8a2~tplv-resize:0:720.webp?lk3s=4a76a7c7&x-expires=1774788878&x-signature=37krX9w0ek6XzAX7AIH9EPjihtM%3D,,王凯沐
诱色沉沦,2025,,short,8.5,2026/1/2,白以沫被囚禁为替身，仅因自己长得像大哥陆烬白月光。二弟陆凛蓄意接近，看似“救赎”，实则将她训成复仇的“玫瑰毒刺”，不料棋手沉沦，反陷情局...... 她成为他命中的劫，亦是救赎的解…… 三人深陷爱与算计的修罗场，以身为棋，终局谁赢？,https://cdn.duanjubaike.cn/cover/2025/12/SucJ2kM3ckuT4dl9XhPvy9ZBKbYOdDOutwf5HSSE.jpg,,刘昱晗
那货带去的景区能考古,2025,,short,8.5,2025/12/28,胰腺癌晚期的江叶绑定位面旅游系统，以完成任务换取寿元和奖金。他带领游客穿越秦朝、唐朝、明末等多个朝代，见证历史、助力先辈，既为古人带去物资与技术，也收获珍贵文物与声望。历经无数惊险与感动，江叶不仅成功延续生命、治愈癌症，更在时空穿梭中书写了一段段跨越古今的热血传奇。,https://p3-novel-sign.byteimg.com/novel-pic/4c23e533278495ef310a1e5a5b7fbf9c~tplv-resize:0:720.webp?lk3s=4a76a7c7&x-expires=1774707761&x-signature=LJ%2BfQhrPePHDXtO09Gc0%2F477Mhg%3D,,孔奇力
时光邮局,2025,,short,8.5,2025/12/27,知名作家顾知秋意外靠一本日记，跟7年后的女儿嘉嘉联系上。7年后的嘉嘉告诉顾知秋，她的爸爸，也就是顾知秋此刻的未婚夫萧俊昭，不仅背叛了他们的爱情和家庭，还将她害成了植物人。洞悉一切的顾知秋，决定改变自己和女儿的命运。,https://p3-novel-sign.byteimg.com/novel-pic/869b7f537c93e405b05b25fa2fb23536~tplv-resize:0:720.webp?lk3s=4a76a7c7&x-expires=1773499250&x-signature=ycLJC5TVR3DmasG5stFfiGRiWCY%3D,,金昊泽;李永鑫
以学为刃：真千金她逆流直上,2025,,short,7.5,2025/12/23,林思望是山河省的贫穷学霸，梦想考上清北，却因分数不够陷入焦虑。高三一模后，她意外得知自己是北城豪门苏家被抱错的真千金。本以为能借此获得更好的教育资源，却发现苏家全员偏心假千金苏小爱，对她百般刁难。面对虚伪的亲情，林思望清醒拒绝PUA，专注学习，最终以高考状元身份逆袭。而苏家因偏心假千金导致家族衰败，假千金身败名裂，林思望成为人生赢家。,https://p3-novel-sign.byteimg.com/novel-pic/9817b636b7b57ba9791a9c46232b85d6~tplv-resize:0:720.webp?lk3s=4a76a7c7&x-expires=1774228731&x-signature=%2FK1GKOs%2FYB6kYT1%2FFuvXlYrP9s4%3D,,王倩
霍先生的在线追妻日记,2025,,short,8,2025/12/23,夜店下药意外，外卖员林楠因与霍氏总裁霍珣纠缠，遗落玉佩并怀上龙凤胎。妹妹林晓棠冒名顶替，偷走女婴霍念希。四年后，林楠因为救患心脏病的儿子林念安，应聘霍家保姆与霍珣重逢。玉佩与血缘线索揭开真相，林晓棠受惩，一家四口终团圆。,https://p3-novel-sign.byteimg.com/novel-pic/2016c5c71ddd53e64e0ba2d532982a82~tplv-resize:0:720.webp?lk3s=4a76a7c7&x-expires=1774232121&x-signature=ULFpcjpwNsG9Sp1UgVkotkc14%2B8%3D,,武帅康
重生后，拯救我的傻儿子,2025,,short,8,2025/12/21,林溪然生下一对龙凤胎儿女后，突发一场意外，为救儿子林研舟遭遇车祸身亡。意外穿越到了20年后，重生后发现儿子林研舟被“白月光”白玲蒙骗。老公陆予安又因失忆误认陈明轩为子，被继子陈明轩母子算计，家产被霸，被陈家母子利用后还险些失去亲生子女。女儿陆璃月也因为父亲失忆被继母陈思媛母子虐待，流落街头。但穿越后的女主林溪然其实隐藏身份是金融大鳄，资产雄厚。凭借重生优势步步为营。,https://cdn.duanjubaike.cn/cover/2025/11/g66Ul4KQrOptnKh7M7ULRY0sBK7LVqH772o3CG85.jpg,,杨璐
第一百零一次睁眼,2025,,short,8,2025/12/21,女主林梦然陷入了一场诡异的死亡循环，在她和丈夫周明的纪念日这天，她被人杀害，却都会在纪念日的早上六点准时醒来。不知道哪一次死亡是最后一次，她不得不为自己争取一线生机，和幕后凶手斗智斗勇，一层层挖掘出背后巨大的阴谋。你以为的凶手，真的是凶手吗？你以为的盟友，真的是盟友吗？,https://p9-novel-sign.byteimg.com/novel-pic/ef4a1bc0b72bd1b66951865ec100204d~tplv-resize:0:720.webp?lk3s=4a76a7c7&x-expires=1773294515&x-signature=VaGexp4n9auw%2FXJigHeHxfBIuuA%3D,,孟祥鑫;杨璐
想见你,2022,,movie,8,2025/12/20,一卷神秘的卡带让黄雨萱拥有了特殊的能力。她能否回到过去，改变相恋多年的爱人李子维的命运？错过的恋人们是否可以重新开始？爱让一切有了曲折，也有了力量。,https://img.ffzy888.com/upload/vod/20230508-1/13b8afd259f2aa07ca16000347d64828.jpg,,柯佳嬿;许光汉;施柏宇;金世佳
她的好感度，竟能兑换神级技能,2025,,short,8,2025/12/20,生日当天撞见女友赵倩与徐占龙的背叛，林浪意外觉醒“拯救就变强系统”，提升好感度即可解锁技能与奖励。他凭神级医术治好房东顾可情之女，斩获万华酒店百分之五十一股份；靠鉴宝能力助校花周梦瑶脱困，赢得奥顿庄园。同学会上，引得刑警姜桃花另眼相看。此后林浪一路开挂，助顾可情拿下大厦创办公司，帮周梦瑶识破徐家阴谋，更联手姜桃花将买凶杀人的徐兆海绳之以法。最终事业爱情双丰收，与周梦瑶甜蜜相守。,https://p9-novel-sign.byteimg.com/novel-pic/1416a44753772aefdcdccf80efc474b8~tplv-resize:0:720.webp?lk3s=4a76a7c7&x-expires=1773972595&x-signature=qbjIQAdxMsCt3J%2FRQgXCB%2B%2FxT%2B4%3D,,王成
重生1998：被美女老板倒追开始逆袭,2025,,short,8,2025/12/20,李霖春重生1998年，复仇绿茶表妹赵玲玲和导师黄旭东，揭穿他们诬陷自己的阴谋。他断绝亲缘，联手未来女首富孙芸拯救工厂，夺回被舅舅赵刚霸占的房产作为创业资金。凭借预知能力，他修好进口机器、挫败商业阴谋，帮助工厂起死回生。最终，赵刚夫妇入狱，赵玲玲身败名裂，李霖春斩断过去，携手孙芸开启商业帝国之路，誓要登上首富之位。,https://p6-novel-sign.byteimg.com/novel-pic/6afa2b8a0744168a15aa7d69adfe493d~tplv-resize:0:720.webp?lk3s=4a76a7c7&x-expires=1773802976&x-signature=zH%2FN9tXYbF6fmoFtnP1ejFyQEDc%3D,,王成
独居女孩,2025,,short,8,2025/12/18,年轻插画师林晚蜗居在霓虹渐暗的都市一隅，她的平静独居生活被一系列诡异的窥探事件打破。当她发现自己竟成为一位连环杀手的下一个目标时，冰冷的恐惧瞬间将她吞噬。杀手早已潜入她的公寓，黑暗里，猎手享受着猫鼠游戏的乐趣，而林晚在生死边缘的极致恐惧中，被迫激发了所有求生本能。然而，在绝境的反抗中，她意外揭开了杀手面具后的另一重身份，一个与她过去有着隐秘联系的惊人真相。,https://p6-novel-sign.byteimg.com/novel-pic/e67f457446263381e38af6b05f8255c3~tplv-resize:0:720.webp?lk3s=4a76a7c7&x-expires=1772520167&x-signature=8czhxZgMa8VRSdheJASajMmEN7M%3D,,
夜梦时分,2025,,short,8,2025/12/17,深夜，谷小雨发现室友王甜儿梦游，机械地重复“切西瓜”的动作，行为诡异。次日，王甜儿解释自己常梦见在瓜地挑西瓜，但众人不以为意。当晚，王甜儿再次梦游，用水果刀袭击谷小雨，被其他室友制止。王甜儿搬出宿舍，为自证清白，扔掉所有刀具并录制视频。不久，楼上204宿舍发生命案，谷小雨三人怀疑王甜儿梦游作案，但警方调查发现凶手未从正门进入。,https://p9-novel-sign.byteimg.com/novel-pic/ecc64e60d202efde29a35079f3d55839~tplv-resize:0:720.webp?lk3s=4a76a7c7&x-expires=1773913195&x-signature=4dAIYZUO7atZx9JcMhBArBMQ7WQ%3D,,李悦暄
天降萌宝：摆摊妈咪请签收,2025,,short,9,2025/12/10,六年前，在ktv兼职的沈雨薇意外与顾氏集团总裁顾淮一夜情，生下女儿。时隔多年，顾淮早已找回女儿顾念念，却一直没有找到那天与自己发生关系的女人，因此认为孩子亲妈是一个抛家弃子、没有责任心的渣女，放弃了寻找。直到顾淮意外与沈雨薇相遇，在女儿的撮合下与沈雨薇堵住家庭的催婚，却越来越不受控制地真的爱上了沈雨薇，也发现了沈雨薇与他痛恨的渣女一模一样的蝴蝶印记,https://p9-novel-sign.byteimg.com/novel-pic/3962eb2ae5f39bec414dd84ed2e7e4ec~tplv-resize:0:720.webp?lk3s=4a76a7c7&x-expires=1770699465&x-signature=A6xaFX6%2F1PFRLuNMl5yJkoQpifI%3D,,武帅康
软糖女王重启计划,2025,,short,8,2025/12/8,上一世一心扑在学业与研究上的姜梨，被姐姐姜曼和未婚夫裴玄联手窃取了属于自己的科研成就，并被诬陷为惯三海后。姜梨于发布会上死在了众人愤怒的脚下，死后才知唯一维护自己的只有被裴玄称为‘卑鄙小人’的顾怀瑾,https://p9-novel-sign.byteimg.com/novel-pic/544babae6ae17238a30acb44893c7ec5~tplv-resize:0:720.webp?lk3s=4a76a7c7&x-expires=1772343665&x-signature=K9vdJ7TEsFSG6KKrCtAGqMlRMrY%3D,,武帅康，易恒
大孝子,2024,,short,8,2025/12/8,陈伍华作为一个鳏夫，人生唯一的目标就是把儿子陈家宝抚养长大。对于儿子的提出的要求，他都尽量去满足。然而陈家宝不仅不知道感恩，最后还越来越虚荣，对着自己的父亲动辄打骂，拿不到钱就恶语相向。而长期的折磨和劳作，让陈伍华患上冠心病晚期，陈家宝得知此事后，竟然拿了家里全部的钱去买新款手机，任由陈伍华被病痛折磨，命不久矣。就在绝望之际，一张陈伍华顺手买的彩票，悄悄改变了他的命运。,https://p3-novel-sign.byteimg.com/novel-pic/5113c21962b2f4949a96eaee086a6fe4~tplv-resize:0:720.webp?lk3s=4a76a7c7&x-expires=1772976276&x-signature=TRRQJe5hSN1Z83wtyNLouGLIlaw%3D,,武帅康
我能看见未来,2025,,short,8.5,2025/12/6,上班族方休遭遇车祸后，意外获得“死亡回档”的能力。从梦中惊醒，一个神秘女子自称是他老婆，并在发现方休能看见自己后，对他展开循环追杀。死亡与重生中，方休逐渐掌握了看见未来的诀窍。在挣脱诡域后，他发现自己此时所处的虚拟世界已被诡异入侵。为求生存与真相，他加入诡秘调查局，在一次次危机中接近被层层掩盖的世界真相与幕后黑手。改编自番茄小说《至死方休！》又名《死亡十万次，我在诡异世界封神》，作者“六个葫芦”。,https://p9-novel-sign.byteimg.com/novel-pic/699990de5cdecf9585deb84787d645d3~tplv-resize:0:720.webp?lk3s=4a76a7c7&x-expires=1771986834&x-signature=FvVz2qqbS%2BmaOUg7IH64uA%2B3sdA%3D,,史元庭
致命来电,2025,,short,8,2025/12/6,开学前夜，卦象显示大凶，霍情警告室友，梦中如若有人找你搭话，切勿回应。郑茜飞不以为然，当夜便梦获帅哥电话。她沉迷于与他的深夜热聊，日渐憔悴。霍情惊恐地发现，那微信号的主人，竟早已不在人世！为证明男友真实，她深夜赴约，却不知自己正一步步踏入恶灵精心编织的陷阱，而一场跨越阴阳的致命危机已悄然降临。,https://p3-novel-sign.byteimg.com/novel-pic/d70c4ee8ce41183e8a098a1992130722~tplv-resize:0:720.webp?lk3s=4a76a7c7&x-expires=1772595716&x-signature=F8FCum2CkHvtEeM5NcPd2EYJGYw%3D,,吴毅非
打工神尊,2024,,short,8,2025/11/30,无良工头扣我工资还抢我钱，我当着警察的面儿，让他进了医院。不要误会，人不是我打的，是他老婆打的。,https://p6-novel-sign.byteimg.com/novel-pic/f8617bdd0a4b33df131feb34ce4e25d0~tplv-resize:0:720.webp?lk3s=4a76a7c7&x-expires=1771317457&x-signature=qZyLB1DpTkgF5f16KJC2mKucoyU%3D,,李若琪;阎论
神秘数字,2025,,short,7.5,2025/11/27,农村青年李铁柱意外受伤后，发现自己看到的每个人头顶上都会出现一组神秘数字，数字大小不一，随时变动，尤其是婶子张彩凤头顶的数字变动最为剧烈，李铁柱在好奇心的驱使下，刻意和张彩凤接触，近身观察，定要探究出神秘数字的最终真相。,https://p6-novel-sign.byteimg.com/novel-pic/eeedeec653d9a8b3b1a71b0e9df4dc4b~tplv-resize:0:720.webp?lk3s=4a76a7c7&x-expires=1771408251&x-signature=ooRoQTva%2BTvBpU7IxS0cKZ0ceUA%3D,,何连飞
暗潮涌动,2025,,short,9,2025/11/25,卧底情侣上线即高危！狙击手与顶级特工伪装恋人潜伏，步步惊心的任务里情根深种！1940年，王牌狙击手佟雪与顶级卧底沈少尘，为潜伏任务被迫假扮情侣同住。表面是郎才女貌的恩爱眷侣，实则是默契十足的战友，联手拆解危急、传递情报、狙击敌特，数次在鬼门关边缘完成高难度任务。刀光剑影中，伪装的亲密渐生真心，试探与守护交织。当身份危机逼近，两人能否在敌巢中守住信仰，亦守住悄然萌芽的爱情,https://p6-novel-sign.byteimg.com/novel-pic/132ab51e856c7efc4b64cc651491dff8~tplv-resize:0:720.webp?lk3s=4a76a7c7&x-expires=1771777762&x-signature=5i3dv6uf8V1ecr1%2B%2FO1hmnTxhxY%3D,,王小亿;刘萧旭
我的老婆是蛇女,2025,,short,7.5,2025/11/19,周恒是一个普通上班族，外表平凡、生活平淡，却在一次雨夜中救下了神秘美丽的温苒，两人迅速坠入爱河并闪婚。婚后温苒温柔体贴、贤惠能干，成为众人羡慕的对象，但一系列诡异事件的发生，逐渐让周恒对妻子的身份产生怀疑。,https://p6-novel-sign.byteimg.com/novel-pic/9f6c3d082262c89570f1d2f1790d8950~tplv-resize:0:720.webp?lk3s=4a76a7c7&x-expires=1771161678&x-signature=f7tJrpORFmGZbduYS9PLvYesIjI%3D,,刘月涛;宋佳音
心动还请告诉我,2025,,short,9,2025-11-17,林浅被誉为京城第一名媛，被安排嫁给傅聿川，恪守妻礼，却并不受他的待见。在傅聿川印象里，她性格木讷呆板，了无生趣，像极了旧时代里的女人。后来，她递离婚协议书给他，原本无趣的女人突然生动起来。,https://cdn.zhaoduanju.cn/cover/2025/10/R5wZbZAxwXUJDR4jynx8nHpirC5wwdaewSSNICea.jpg,,王凯沐;郭宇欣;高玮
心动还请告诉我,2025,,short,9,2025/11/17,林浅被誉为京城第一名媛，被安排嫁给傅聿川，恪守妻礼，却并不受他的待见。在傅聿川印象里，她性格木讷呆板，了无生趣，像极了旧时代里的女人。后来，她递离婚协议书给他，原本无趣的女人突然生动起来。,https://cdn.duanjubaike.cn/cover/2025/10/R5wZbZAxwXUJDR4jynx8nHpirC5wwdaewSSNICea.jpg,,王凯沐;郭宇欣
从此无心爱良夜,2025,,short,8,2025/11/16,沈淮竹（女主）救下挚爱萧承（男主），并与他相恋三年，就在他们准备走进结婚殿堂之时，萧承的白月光夏沫突然回国，并冒充当初救他之人，打破了沈淮竹幸福的美梦。沈淮竹打脸虐渣，转身离开，毫不犹豫的走向新的人生。,https://p6-novel-sign.byteimg.com/novel-pic/4532da3f5ca9356c1eb32a24d208ce6b~tplv-resize:0:720.webp?lk3s=4a76a7c7&x-expires=1771034451&x-signature=uLV3IIz45BD6eYM09z2isPRE0DQ%3D,,孔奇力;赵英男
我们野蛮生长,2025,,short,9,2025/11/7,影后江南为逃避虚伪恋情和事业低谷，深入荒漠体验新戏角色，却与暗中追踪通缉犯的工程师陆北狭路相逢，陆北为保护江南伪装成当地安保将其“拘留”。误会解除后，江南又因目睹凶犯真容而卷入生死迷局，被迫和陆北“假结婚”以协助任务，谁知因戏生情，暧昧走火。风沙之间，两个破碎而生性浪漫的灵魂在谎言与危险中相互救赎，在长夜尽头为彼此点燃燎原之火——他们，是伤痕累累却永不低头的理想主义者。,https://p6-novel-sign.byteimg.com/novel-pic/587599c319c59c81c32de3c93b88ef82~tplv-resize:0:720.webp?lk3s=4a76a7c7&x-expires=1770256735&x-signature=%2BLt6is2dT0ODXYO6ALubCILGp5w%3D,,白方文;郭宇欣
这个纨绔太无敌，女帝绷不住了,2025,,short,8,2025/11/2,21世纪大学生赵奕穿越到大周，开局强占安国公孙女楚嫣然，被女帝与安国公捉奸将斩。他不服并立誓揭皇榜退北狄，战场上，赵奕用收集的粪便熬制“金汁”泼敌，大胜回京。他获封兵部员外郎，又献烧制水泥砖固城、抄家补国库之策，还持女帝金牌震慑不配合的工部尚书，久而久之，女帝与楚嫣然皆倾心于他，赵奕“臣发誓只进入身体，不进入生活”,https://p9-novel-sign.byteimg.com/novel-pic/6378d7e432da4eb2b60f1f5240ffdf62~tplv-resize:0:720.webp?lk3s=4a76a7c7&x-expires=1769840491&x-signature=0AM5WAAyt%2FdI8V0PqxgKB28dQo0%3D,,孔奇力
离婚后，我成了万人迷,2025,,short,8,2025/11/1,林家弃子林泽被蓝星暗夜之王魂穿后，一改懦弱，征服苏清雪，吸引沈甜梨、姜清月、宋南音。他化解林南、纪泽峰、白道龙等危机，觉醒功法。前世妻唐雪妃寻来，误认他后联手白道龙，最终见他功法知真相，却已无法挽回。,https://p9-novel-sign.byteimg.com/novel-pic/fbc6db19e466f642d8845bf000f967f1~tplv-resize:0:720.webp?lk3s=4a76a7c7&x-expires=1769673439&x-signature=ee4egUU2Th8M7ius9D6X1urryKo%3D,,孔奇力;咸俊旭
老板当久了，我只想送外卖,2025,,short,8,2025/10/26,一场雷击让霸总顾景辰和外卖员江川灵魂互换。从此，总裁在平民生活中为柴米油盐手忙脚乱，感受着平凡夫妻的温情与摩擦；外卖员则在豪门中强装镇定，周旋于暗流汹涌的商战。两人在鸡飞狗跳的错位人生中笑料百出，也逐渐理解了彼此的世界，找到了生命中真正珍贵的东西。,https://p6-novel-sign.byteimg.com/novel-pic/20d5f4869fe466b27dd5fd282d30200e~tplv-resize:0:720.webp?lk3s=4a76a7c7&x-expires=1768882864&x-signature=TetWe7VIPuKQu0Y%2Fat8NKFpZebk%3D,,高哲
八零俏妻她又辣又飒,2025,,short,9,2025/10/18,时尚总裁左颜穿越成八零懒妇，遇丈夫陆泽野提离婚。她凭设计、经商才华逆袭，打脸江雪姐妹等对手，获港商赏识。陆泽野渐被吸引，两人化解危机，终收获事业、爱情与双胞胎，幸福圆满。,https://p6-novel-sign.byteimg.com/novel-pic/824aa26fc39ea821dcb0866443f55044~tplv-resize:0:720.webp?lk3s=4a76a7c7&x-expires=1766553701&x-signature=VdC8S9Rd3ZEs8JC6LGFsMDkk0N8%3D,,邹盛文
危险服务,2025,,short,8,2025/10/16,伪装成盲人的催乳师孙宇，接到一单前往豪华别墅云曦兰亭的上门服务。抵达后，他意外撞见男主人程鹏正在处理一具女性尸体。程鹏与其情妇顾婉清立即对孙宇展开一连串心理与生理上的残酷试探，不断逼迫其暴露并非真盲的真相。孙宇在极度恐惧中周旋，利用专业演技和特制隐形眼镜艰难地伪装自己。,https://p3-novel-sign.byteimg.com/novel-pic/6334940beb2959d4284cd7f31358ad47~tplv-resize:0:720.webp?lk3s=4a76a7c7&x-expires=1767325033&x-signature=OeFwKIgxr29rPOZMFSVHznNktQg%3D,,黄星齐
睡不醒的大小姐,2025,,short,8.5,2025/10/16,紫苑1号善良正直，明知会牺牲自己永远被困在平行空间里，却毅然决然选择和恶势力斗争到底，而紫苑2号有着同样的长相却自私善妒，处心积虑通过各种手段想拥有紫苑1号的生活。几番较量下来，最终正义战胜了邪恶。,https://p3-novel-sign.byteimg.com/novel-pic/5e0a8c31627c91e0d9475aaacb57e463~tplv-resize:0:720.webp?lk3s=4a76a7c7&x-expires=1767792444&x-signature=63h7JEtTrQaI98CfUEowxWrdx6Q%3D,,黄星齐
死亡三号线之浴血新娘,2025,,short,8.5,2025/10/12,婚礼当天，新娘赵敏乘坐地铁三号线赶往现场。不料丈夫张洋却打来电话表示要和赵敏分手。心急如焚的赵敏想要解释，但手机突然失去信号，随后赵敏惊恐地发现，地铁驶入了一条完全陌生的路线。面对错乱的时间、暴毙的乘客、诡异的站台，你敢下车吗？,https://p3-novel-sign.byteimg.com/novel-pic/1c6c26ec0145dce1d2203a48314b8942~tplv-resize:0:720.webp?lk3s=4a76a7c7&x-expires=1766980642&x-signature=AqDoejtrnzAR7%2Bf3iPLvXZhW798%3D,,杨剑勐
回魂计,2025,,tv,8.5,2025/10/9,以一宗诈骗绑架案为引线，两位失去女儿的母亲因仇恨结盟，在神秘力量的协助下，竟将凶手复活、施以酷刑，只为亲手惩罚。她们在复仇与救赎之间愈陷愈深，不仅对抗谎言与操控的危险世界，更被迫面对友谊与道德的撕裂。当真相逐步揭开，复仇究竟能带来慰藉，还是吞噬她们最后的希望？,https://image.tmdb.org/t/p/w500/ukoPA4WnfIlApNtc7AF5TTLhouy.jpg,,傅孟柏
女帝莫慌，臣有亿点点计谋,2025,,short,8,2025-10-07,现代打工人赵奕穿越古代，成为大周纨绔，恰逢北狄兵临城下，他凭借各种骚操作大败敌军，随后揪出朝堂内奸，遭遇虫灾发现是小龙虾，在文斗中赢了南越使团，同时与女帝、国公府干金、敌国公主暖昧拉扯，感情逐渐升温…,https://images.tmdb.org/t/p/w342/bwN7mxGZaN0hQ2d8g7DXKQDzeVg.jpg,,待宣如;王成
女帝莫慌，臣有亿点点计谋,2025,,short,8,2025/10/7,现代打工人赵奕穿越古代，成为大周纨绔，恰逢北狄兵临城下，他凭借各种骚操作大败敌军，随后揪出朝堂内奸，遭遇虫灾发现是小龙虾，在文斗中赢了南越使团，同时与女帝、国公府千金、敌国公主暧昧拉扯，感情逐渐升温…,https://p3-novel-sign.byteimg.com/novel-pic/e981cf46fe88bf0ab5e48044441c9cfb~tplv-resize:0:720.webp?lk3s=4a76a7c7&x-expires=1767584334&x-signature=NPym7tKLH5DTThn%2FtWfmEJO0kFE%3D,,王成
偏偏偏爱你,2025,,short,8.5,2025/10/6,姜云枝穿书成为豪门真假千金中的炮灰女配。原主为渣男沈旭洲割腕自杀，而她醒来后决定把握命运，做好首富太太这份高薪工作。严闻京起初对她与沈旭洲的纠葛无动于衷，却逐渐被她的鲜活吸引，两人从互相试探到心动,https://p9-novel-sign.byteimg.com/novel-pic/6cc5b526afe887bd7e0b97a6d5281bc4~tplv-resize:0:720.webp?lk3s=4a76a7c7&x-expires=1767319459&x-signature=99sdNYo6oigzaZJdZKZOG49OhrE%3D,,赵廷义
真千金她是学霸,2025,,short,9,2025/10/4,出身山河省的学霸林思望，意外被认回京市豪门，面对家人的刁难和假千金的排挤，她不为所动，只专注学习，拿到京市户口后，她更是抓住机会疯狂学习，最终凭绝对实力考入顶尖学府，赢得了属于自己的辉煌人生,https://cdn.duanjubaike.cn/cover/2025/10/6Ve4bPvieYkZfaZDgHNLwzEqXIWtjQ3fg9VPhmET.jpg,,张颖菲
杀死Air,2025,,short,8.5,2025/10/3,本剧讲述科学家燕天北因女友车祸身亡，意外触发实验事故，穿越至民国时期的上海。卷入日军间谍“Air”盗取十九路军城防图的悬案中，发现自己陷入时间循环，必须在一次次死亡中获取线索。燕天北试图通过女友的姥姥传递信息以改写命运，却陷入军统清剿地下党的阴谋。最终他揭露间谍身份、挽救同志，成功改变历史，却因心脏衰竭濒临死亡。,https://cdn.duanjubaike.cn/cover/2025/12/X5IMpMAfcoC5gWxkccFJCoF1yZjHdav7AcBtdOJC.jpg,,李星昊
逆袭人生之灵魂互换,2025,,short,8,2025/9/20,一场意外车祸，让富二代赵阔与外卖小哥刘辉灵魂互换。赵阔突然体验到贫困生活的艰辛，面对高额债务和家庭困境，他拒绝屈服，决心自己解决问题。而刘辉则沉醉于突如其来的富贵生活，变得嚣张跋扈，甚至不惜伤害赵阔的亲人。两人截然不同的选择，不仅考验着他们的品格，也揭示了人性的复杂。当赵阔努力维系刘辉家庭的温暖时，刘辉却在挥霍赵家的财富。这场灵魂互换，究竟会带来怎样的人生逆袭？,https://img.ffzy888.com/upload/vod/20241019-1/35cbe183455955d3a06f22bca81b1bd6.jpg,,张屹杨
千王令,2025,,short,8,2025/9/20,张鹏幼年父母被赌徒做局身亡，得知仇人是杨树林后，带着一身千术来到黄县，结识瑶瑶与陈婉婷，为报答瑶瑶卷入沈家内斗并接近仇人杨树林，最终在赌局中获胜。改编自番茄小说《老千：黑白人生》，作者：武棋,https://cdn.duanjubaike.cn/cover/2025/11/zJNTQicPj70bK3x5J92KmviDFRMelGlJqCsR3dph.jpg,,孔奇力
昭然赴礼,2025,,short,8.5,2025/9/12,初入江洲大学任教的许惟昭，本想平静生活，却一夜间被人下药，与方肃礼意外纠缠。他说“跟着我，我护着你”，她原本准备随时抽身，直到那句“昭昭，别不要我”让她乱了心。该短剧改编自小说《大佬，出门记得装不熟》，作者卢小久。,https://cdn.duanjubaike.cn/cover/2025/10/uzaOucpjqOqqvFViOLzCDfvrXnNonKh1YLesR2uo.jpg,,王凯沐;王格格
如你所愿,2025,,short,8,2025/9/11,一场精心策划的阴谋，一场错综复杂的豪门恩怨！替身女儿果果背后隐藏着怎样的秘密？苏寒烟为何痛下杀手？叶凡能否识破枕边人的真面目？真相背后，是爱恨交织的复仇烈火！,https://s3.suju.app/@xdj/42/yQM4xs/0.jpg,,范高坡
宠妻，引发财富连锁反应,2025,,short,8,2025/9/11,苏原与赵清雪新婚遭赵母反对，意外绑定给老婆花钱十倍返利系统后逆袭。苏原通过为赵清雪消费积累财富，获赵母认可，还反击金志文等阻挠，向赵清雪解释系统，两人感情加深，苏原助赵清雪解决危机。,https://p6-novel-sign.byteimg.com/novel-pic/1ef3b4c3ee4991bef67848d621bf6ea3~tplv-resize:0:720.webp?lk3s=4a76a7c7&x-expires=1768557301&x-signature=mInQJTTBKYJ%2Fx52dHLN31mDCc60%3D,,范高坡
黑料局中局,2025,,short,8,2025/9/11,重生后的陆轩绑定“黑料系统”，拍摄他人即可揭露其罪证。他报复前世仇敌，改造恶人获取丰厚奖励，周旋于校花、教授、商界精英之间，最终揭开家族阴谋，成为人生赢家。,https://p9-novel-sign.byteimg.com/novel-pic/566ce42f925a2118989e191497e4b563~tplv-resize:0:720.webp?lk3s=4a76a7c7&x-expires=1772425658&x-signature=%2Fxt6dihg%2BcmI%2BhVE16ouBNGU%2B54%3D,,范高坡
乡村圣手小医王,2025,,short,7.5,2025/9/10,清水村首位大学生陈阳，暑假回乡为帮同村寡妇李香莲抵御村霸，不幸被打成傻子，此后三年与李香莲相依为命。后来陈阳再次保护李香莲时，意外获得“玄黄道人”的传承，不仅治好了傻病，还掌握了高超的医术与玄法。凭借这些，他守护李香莲、与村霸斗智斗勇，更凭借医术和智慧创造财富，最终走出乡村，走向更广阔的天地，收获了成功与尊重，登上人生巅峰。,https://pic.youkupic.com/upload/vod/20250909-1/b160ca6db0a9e19e1ac70c074386d9a7.jpg,,邓威
被公司辞退，我的情报每日刷新,2025,,short,8,2025/9/10,陈肃失业失恋后得到“情报系统”，聪明的他懂得将情报转换成价值，开始人生逆袭。他不仅实现了财富的增长，也帮助了别人，还报复了前公司欺负他的领导以及嫌贫爱富抛弃自己的前女友，最终拥有了灿烂的人生。,https://cdn.duanjubaike.cn/cover/2025/11/RpRWHKQ0crx3gGAJdxcNYPTXIobF79ik5ulDaIkv.jpg,,李进源
死神来了：血脉诅咒,2025,,movie,8.5,2025/9/5,大学生斯蒂芬妮（凯特琳·桑塔·胡安娜 Kaitlyn Santa Juana 饰）长期被噩梦困扰，她决定返回家乡寻找噩梦起源，却意外发现曾发生在外婆艾莉丝身上的离奇旧事，并牵连出流淌在整个家族血脉中的秘密：死神诅咒。当她试图破解诅咒密码，却发现死神的镰刀早已垂下…… 随着身边亲人一个个离奇惨死，斯蒂芬妮还能带领幸存者逃脱死神的宿命猎杀吗？,https://image.tmdb.org/t/p/w500/d9GpZ1hYLRoFLZxEXVZJ89t6CUS.jpg,,凯特琳·桑塔·胡安娜;特欧·布里奥尼斯
幸得相遇离婚时,2025,,short,8.5,2025/9/5,唐颖曾为丈夫当全职太太，怀孕五月却遭其与第三者欺辱赶出。离婚后，她嫁给了极具魅力的江辞云，江辞云助她成长，二人先婚后爱，联手报复前夫与第三者，终获事业爱情双丰收。,https://cdn.duanjubaike.cn/cover/2025/10/ZUfZpVMLLvOHcwZnQBWv2A6a1INpg34djsZkdaSw.jpg,,刘萧旭;王小亿
当爹又当妈,2025,,short,8,2025/9/4,一场车祸致使唐沫失去生育能力，渴望新生命的家庭陷入阴霾。 宋歌顶住亲戚嘲讽与外界压力，做出重要决定，却因此与唐沫产生信任危机。 职场上，宋歌遭上司孙菲刁难，被迫离职，后因能力出众被董事长召回并升职。 怀恨在心的孙菲暗中报复，竟绑架婴儿。 关键时刻，唐沫挺身而出，揭露当年车祸竟是孙菲蓄意谋划的阴谋。 警方迅速行动，孙菲被绳之以法。,content://com.android.providers.media.documents/document/image%3A1000136555,,王成
请回答1937,2025,,short,9,2025-09-03,现代女大学生陈念初在探寻曾祖父陈云祥失踪之谜时，手机意外穿越到1937年，被富家公子张彦卿捡到。两人通过手机展开跨时空交流，陈念初以未来人的身份与张彦卿互动，并借助历史知识帮助他预见日军轰炸，促使张彦卿逐渐觉醒，最终投身救国事业,https://images.tmdb.org/t/p/w342/45QIj0UFe38cFNATvFccw4nlxDc.jpg,https://images.tmdb.org/t/p/w780/hHduMPRMtA6msDNjv3CRn0w6Ex7.jpg,左铭
请回答1937,2025,,short,9.5,2025/9/3,2024年少女意外连线1937年爱国少爷，一场跨越时空的爱恋与救国行动就此展开。他能否改变历史？她又将如何抉择？当爱情与家国命运交织，他们又将谱写怎样的传奇？,https://s3.suju.app/@xdj/53/yVkrVU/0.jpg,,左铭;李若琪
终极陈情,2025,,short,7.5,2025/9/2,顶级律师陈真真扬名在外，郭艳求其为自家艺人吴文韬性侵在校女大学生案做辩护。庭审前夜，陈真真的女儿春春夏夏因被误认偷拍遭受了吴文韬等人的打压，在得知吴文韬的辩护律师是自己母亲时，夏夏欲告知母亲吴文韬的罪行，吴文韬不相信陈真真是其母亲，还将夏夏打得命悬一线。陈真真赶到现场亮明身份救女，吴文韬说其是假冒的，对陈真真及其女儿又进行了打压。庭审当日，陈真真携证据入场，吴文韬惊觉昨天的人就是律师陈真真。,https://p3-novel-sign.byteimg.com/novel-pic/de87929ab622df6df4a9cdd1312da721~tplv-resize:0:720.webp?lk3s=4a76a7c7&x-expires=1772391447&x-signature=7nKsUzhWFQN8P7ay4SxUqfih8II%3D,,咸俊旭
小小雀神不好惹,2025,,short,8,2025/9/2,五连冠雀神周甜甜意外魂穿成吴家大房遗孤吴甜甜。吴家因父亲去世陷困境，二房等人争夺家产与参赛资格并对其母女下手。她凭麻将天赋和真气化解危机、击败对手，总决赛胜亲二叔复仇，成新一代雀神。,https://p3-novel-sign.byteimg.com/novel-pic/ee97cc4ed28e143e8effffc9091af2a4~tplv-resize:0:720.webp?lk3s=4a76a7c7&x-expires=1772272156&x-signature=6Zbpx30Ly%2BJ%2FfS%2BB6BIYMIzJeKg%3D,,咸俊旭
重生后我把老婆女儿宠上天,2025,,short,8,2025/9/1,55岁的商业巨鳄林峰遭情人李婉毒杀，重生回30年前妻女自杀当日。利用前世记忆，他3天内赚20万救下女儿性命并开启商业逆袭。他护妻子，震慑势利岳家、智斗反派李婉。他建商业帝国，实现财富与人生的双重救赎。,https://cdn.duanjubaike.cn/cover/2025/10/EGF5vVZtg1TArwl5nVnUBBsAKFCNaquT6fJRRRh4.jpg,,孔奇力
未知生物,2025,,tv,8.5,2025/8/30,90年代，南?小镇烟波岛上出现了居?接连神秘失踪的诡异事件。事件发?的时候，一个身份不明的短发少女随着神秘的?色黏液来到小镇，似乎与失踪事件极为关联。为了找到失踪的好友游尚杰，?镇?中生付君浩和张宇轩带着这个神秘少?四处探查。与此同时，正在寻找失踪的哥哥的?镇高中?教师沙拉，也和欢喜冤家苏民绪结成?支?队，对于突然出现在岛上的神秘?衣?团伙展开了了调查...... 各处出现的?色粘液究竟是什什么?失踪的?们到底被什么东?卷走?街上的枯井当中为何传来怪声??衣?口中的博?又是指向何?人??切的?切都表明，一场巨大的危机正在悄悄逼近岛上的居民们，?善良的?们对此一无所知......,https://image.tmdb.org/t/p/w500/nZvwk3ZCfNozSrf3ZKN6KeZA72Y.jpg,,王成
学姐，我可以做你的副机长吗,2025,,short,8,2025/8/29,以前每次乔南栀准备起飞，谢云洲总会认真地对她说声“一路平安”。可那次，因为一个不相干的外人，他心头翻涌的牵挂被莫名的情绪压下，那句到了舌尖的祝福终究没说出口。谁也没料到，这未说出口的话语，竟成了乔南栀与世界之间最后的距离。后来无数个深夜，谢云洲总在悔恨中辗转，若当时那句祝福能冲破唇齿，是不是就能改写这场猝不及防的永别？,https://p3-reading-sign.fqnovelpic.com/novel-pic/94fd2aabb640ac49ea4854f0beebcde5~tplv-snk2bdmkp8-superreso-double-rz:400:0.image?lk3s=253f70db&x-expires=1770376787&x-signature=xQDaGoJGMsDiDV5MQkd8dZkoKt4%3D,,武帅康
当恋爱来敲门,2025,,short,8.5,2025/8/29,贺云州为了跟女友柳如烟一起在燕市站稳脚跟而拼尽全力，没想到被柳如烟背叛。贺云州决心搞事业的时候，意外闪婚女总裁林若曦。林母实力护女婿，林若曦也渐渐对贺云州动心。贺云州事业爱情双丰收时，冒认林若曦老公的人却出现了。,https://p6-novel-sign.byteimg.com/novel-pic/bdf14baa6fced4e9fa8ab1719cdcded6~tplv-resize:0:720.webp?lk3s=4a76a7c7&x-expires=1770384143&x-signature=ykd0oTSzhQEI5VoGYSBHkuPiqck%3D,,武帅康
奶爸系统觉醒,2025,,short,8.5,2025/8/29,男主林辰与绝美校花许梦瑶因一次意外，生下古灵精怪小女儿茜茜。三年后，林辰父女相认，却意外激活超级奶爸系统，原本一事无成的林辰，在系统的加持下重启了自己的开挂人生。,https://p3-reading-sign.fqnovelpic.com/novel-pic/323305a8646ceb425c879348d64f649b~tplv-snk2bdmkp8-super-reso-double-5-v2:1200:0.image?lk3s=ae45642e&x-expires=1770376841&x-signature=A9abC7BwR5UJ3fEfJQUFDbn%2B0eo%3D,,邓威
云端捕手,2025,,short,8.5,2025/8/28,网络安全专家陈默八年前因一场精心设计的网络攻击蒙冤，被误认为勾结境外势力“柠檬姐”攻击安全中心。八年后，他低调蛰伏于青果安全中心。记者林夏调查各类新型网络诈骗案件时，发现这些案件背后都有“柠檬姐”的身影，并意外与陈默重逢。,https://p3-reading-sign.fqnovelpic.com/novel-pic/40c11caa4b1c2e3e0b1d0bc16ec9f9aa~tplv-snk2bdmkp8-superreso-double-rz:400:0.image?lk3s=253f70db&x-expires=1770376875&x-signature=TkDYc1pxt7VEzYPWe0hC9eA%2Byns%3D,,白方文
隐龙入渊掀波涛,2025,,short,7.5,2025/8/28,讲述了曾叱咤风云的正大商会元老白援朝，在五十岁寿辰宣布辞职，欲卸甲归田过平凡生活。期间，他因路见不平与富二代顾天等人结怨，遭其父子设计陷害，引发一系列家族较量、商战等风波。白援朝凭借智慧和三个能力出众的儿子——沉稳的接班人白易、身手矫健的退役特种兵白战、法学硕士白正，一一化解危机。过程中，白援朝与离异少妇殷雪产生情愫，顾天也在经历中幡然醒悟，最终白援朝肃清商会内部背叛者。,https://p3-reading-sign.fqnovelpic.com/novel-pic/5ec20e96289db44a2a3a8b0365df218e~tplv-snk2bdmkp8-super-reso-double-5-v2:1200:0.image?lk3s=ae45642e&x-expires=1770376913&x-signature=kEcYfaCQrz8gt4HgQeNNEUjbr2A%3D,,丁峰;康程
雾中妻,2025,,short,8,2025/8/25,林素希与刘守诚结婚周年日，方池瑜欲害林素希夺遗产，车祸致两人生隙。刘守诚贪财，挪用方池瑜公款，反陷林素希设局。方池瑜发现公款丢失，态度恶劣；刘守诚疑其办保险害己。刘守诚劝方池瑜抵押房产，林素希却占得三百万及房产证制造假象。方池瑜不信刘守诚，让兄长方宏动手，发现不利存储卡。刘守诚意识到方池瑜与林素希交易害他，信任崩塌。方池瑜失理智杀刘守诚被捕，林素希得赔偿，却对帮手石浪起杀心，因他是害妹凶手之一。,https://p3-reading-sign.fqnovelpic.com/novel-pic/a3ec0912fef668d408e06a9ad3005b27~tplv-snk2bdmkp8-super-reso-double-5-v2:1200:0.image?lk3s=ae45642e&x-expires=1770376939&x-signature=Sk0XsMigm5%2F2nMDy9fqrK%2Fmsr%2F8%3D,,刘萧旭;梅洋
我只是球神，你别惊讶,2025,,short,8,2025/8/25,台球之神江澈隐于市井，大姐江明月以亡母遗愿劝他回归海城江家。江澈归家后，发现家族被养子江明浩操控，二姐三姐对他极尽羞辱，而江明浩表面谦和实则阴毒，设计香水过敏陷害江澈，更勾结反派球手张强谋夺江家产业。,https://p3-reading-sign.fqnovelpic.com/novel-pic/4b352781266dd23032dfc6bae7118211~tplv-snk2bdmkp8-super-reso-double-5-v2:1200:0.image?lk3s=ae45642e&x-expires=1770376985&x-signature=9oMStFcm2R2H7qpKU7TWV6S9za4%3D,,王石
掌心牢笼,2025,,short,9,2025/8/24,苏北栀攻略了陆闻三年才被系统告知攻略错了对象，系统重新指定新对象为付律，亲吻等亲密接触可以给苏北栀延续生命，否则万箭穿心。她决定攻略，结果付律的好感飙升速度快到苏北栀以为出了bug，苏北栀不知道付律10年前救过她，她是他黑暗中的光。,https://p6-novel-sign.byteimg.com/novel-pic/b7039d914d713a20eb6812dcdbb020da~tplv-resize:0:720.webp?lk3s=4a76a7c7&x-expires=1767849546&x-signature=SrRiUg%2FDkXhnR07OOf%2FsWLAUKcg%3D,,李佑霖
前男友成了我弟弟,2025,,short,8.5,2025/8/23,苏南星自幼寄养亲戚家，敏感自卑，被江牧野的热情打动后二人恋爱。后苏南星得知家人想借关系敲诈江牧野，为不连累他狠心分手。三年后，苏南星被再婚母亲接去同住，竟发现江牧野成了重组家庭的“弟弟”。重逢后江牧野嘴硬心软，苏南星藏爱，误会加深，命运纠葛。,https://s3.suju.app/@xdj/49/gYoFi/0.jpg,,吕奕豪
误闯奇幻之旅,2025,,short,8,2025/8/23,天才教授”叶诗雨在帮游戏制作人姐夫回家取鼠标的过程中，被浑身是血、命在旦夕的裴颂拽进了游戏世界。裴颂被人重伤，生命垂危，叶诗雨忙于救人，完全没意识到自己穿越进了姐夫洪振辉制作的游戏中，更未认出面前就是她朝思暮想的二次元偶像……,https://p3-reading-sign.fqnovelpic.com/novel-pic/1543ba37985fbfae94aaa221da3b0c57~tplv-snk2bdmkp8-super-reso-double-5-v2:1200:0.image?lk3s=ae45642e&x-expires=1770377028&x-signature=kbKbzEjEeT479tGJXTeMDWw18Wo%3D,,杰士鸣
堂前尽孝,2025,,short,7.5,2025/8/23,陈春晖错过父亲临终一面后，回村尽孝，还安排手下给村里修路。不想遭村霸欺负，被逼迁父坟，只能暴露身份。在拆迁仪式上，他亮明是助村的神秘富豪，赢得夸赞。而后村霸绑架他母亲要挟，可这恰是陈春晖的计谋，他就是要借此让村霸露出破绽，好搜集其犯罪证据。,https://p3-reading-sign.fqnovelpic.com/novel-pic/71df967660992ffa1ba9f4bb33d3c8e8~tplv-snk2bdmkp8-super-reso-double-5-v2:1200:0.image?lk3s=ae45642e&x-expires=1770377057&x-signature=nNyWLzzJvpdLOTUAsa3FLq2goCs%3D,,王石
老千2,2025,,short,8.5,2025/8/22,初六为查父死因，涉入哈北蓝道，与邹家势力周旋。他凭千术破局，联合苏梅、小朵等人，在赌局中击败疯坤、九指天残，最终争取到见邹老爷子的机会，也为警方收网铺垫。,https://p3-reading-sign.fqnovelpic.com/novel-pic/3c760c2c9571d2fe2d09985b35a84c08~tplv-snk2bdmkp8-superreso-double-rz:400:0.image?lk3s=253f70db&x-expires=1770377118&x-signature=KluDC4UX%2FXkoygipKcVF4c%2B3910%3D,,白方文
相思无尽处世上再无她,2025,,short,8,2025/8/14,夏国皇商之女谭皓月，大婚之日遭庶妹谭薇薇搅局，痛失孩子，深爱多年的天策将军秦渊却抱着谭薇薇先行离开，谭皓月万念俱灰，与秦渊签下和离书。秦渊在失去后才觉空虚，不满谭薇薇的索取，开始寻找谭皓月，甚至用与谭薇薇的暧昧逼她现身。得知其死讯后，他拒不相信，疯狂搜寻中逐渐知晓谭皓月的付出与谭薇薇的伪装，最终崩溃疯魔，执意要找到“失踪”的她赎罪。,https://p3-novel-sign.byteimg.com/novel-pic/f07b09b3a833cd7cd5d79da8e0d11099~tplv-resize:0:720.webp?lk3s=4a76a7c7&x-expires=1770643447&x-signature=DKWNBRYYm2K1NV6I6R7T5Tfrrm4%3D,,孔奇力
陌雪纷飞处,2025,,short,8,2025/8/14,残疾李岚被妻子叶秋婉和兄弟李龙翔联手谋害，但李岚侥幸生还并暗中收集证据，终让叶秋婉因金融诈骗和谋杀未遂被判死刑，李龙翔则被判无期徒刑，复仇成功后，李岚解散公司，将财产捐赠，结束了这场恩怨。,https://p3-novel-sign.byteimg.com/novel-pic/1683f59d7dd4795b2b5e1d150d3c17ac~tplv-resize:0:720.webp?lk3s=4a76a7c7&x-expires=1770442186&x-signature=v8oC4WT0b07Rjre6LlwVzSvs5f8%3D,,赵志盟
念念有词,2025,,short,9,2025/8/13,《念念有词》讲述了女大学生桑鹿穿越成小说中的炮灰女配，决定改变命运，珍惜婚姻、工作和家庭的故事。桑鹿的努力最终感染了她的哑巴老公，两人逐渐走近，实现了事业和家庭的双丰收。,https://image.tmdb.org/t/p/w500/hkmCemYgmhHwfodJiuetIaeppkG.jpg,,何聪睿
谢君不娶恩,2025,,short,7.5,2025/8/13,大夏首富韩震远之女，幼年时被继母安排人掳走，侥幸存活下来，但忘记身世，后成为大夏第一势力组织摘星宫宫主。与宋世贤相爱，因为不想宋世贤知道自己身份后自卑，化名水心，隐于江省云城卖包子支持宋世贤创业。然而她的支持换来的却是宋世贤的背叛，而此时，韩震远得知了女儿的消息,https://p3-reading-sign.fqnovelpic.com/novel-pic/d96a76c65500de69062ab528c7b78e75~tplv-snk2bdmkp8-superreso-double-rz:400:0.image?lk3s=253f70db&x-expires=1770377159&x-signature=bmZucqJkLQ2bIb80gwrk7t%2FBXz0%3D,,咸俊旭
第六次攻略,2025,,short,9,2025/8/13,赵幼恩五次攻略周京叙失败后自杀重开，第六次转向其好友程星野。相处中发现他暗恋自己多年，面对真挚感情渐生心动。攻略成功后，系统兑现心愿，两人终获双向救赎的幸福。,https://p3-novel-sign.byteimg.com/novel-pic/b22553e892866e822f266a4f54e3c578~tplv-resize:0:720.webp?lk3s=4a76a7c7&x-expires=1770431313&x-signature=94o6WnkXee3o3HxhQp90NMb03W8%3D,,王凯沐;王格格
生娃后，我龙女的身份曝光了,2025,,short,7,2025/8/13,龙姣为回报沈京舟昔日恩情，与他结为夫妻，共度三年。期间，她以自身鳞片换取资金，助力其创业发展。沈京舟成功跻身上市公司总裁之列后，龙姣诞下九枚异蛋，本拟借此契机坦陈自身特殊身世，却因产后虚弱陷入昏迷。苏醒后，见沈京舟及其家人对其所言存疑，态度疏离，龙姣心生寒意，决意不再宽恕，将令相关人员承担相应后果。,https://p6-novel-sign.byteimg.com/novel-pic/689e7e521b090e6a6a45cd2f42368052~tplv-resize:0:720.webp?lk3s=4a76a7c7&x-expires=1767793334&x-signature=AVI4mjNcG3Q5OkovklSjflaIM4Y%3D,,赵志盟
我打造了长生俱乐部,2025,,short,8.5,2025/8/10,平凡打工人陆离，心中藏着不甘平庸的火焰。一次意外，他觉醒了时间异能，竟能收购他人寿命，再转卖给渴求长生的富人。这异能成了他逆天改命的钥匙，借助倒卖寿命换来的巨额利益，他步步为营，逐渐构建起一个隐秘而奢华的长生者俱乐部。在这个只属于少数人的天地里，陆离手握时间命脉，是唯一的规则制定者，是所有长生者仰望的神。,https://p6-novel-sign.byteimg.com/novel-pic/0b9b27c2c8d4b2c2de4d3dcf891b034c~tplv-resize:0:720.webp?lk3s=4a76a7c7&x-expires=1768222356&x-signature=0qEOhOILy%2BxJ%2FRXSAaWKtIb3zxo%3D,,王昭
别有用心的妻子,2025,,short,8.5,2025/8/10,南笛在婚前发现自己的姐姐孟秋勾引了自己的未婚夫，还把妈妈气成了植物人。南笛决定对姐姐复仇，既然你要当首富家儿媳，那我就嫁给首富霍擎风本人当你的婆婆！一同嫁进霍家的两人开始斗智斗勇，谁料南笛在此过程中竟对霍擎风动了心。,https://p9-novel-sign.byteimg.com/novel-pic/ce5716ed0dac54f0171b54d878388c57~tplv-resize:0:720.webp?lk3s=4a76a7c7&x-expires=1769314462&x-signature=X1URRtDZBUYTucJ7QaTHF3hohuc%3D,,赵廷义
心动陷阱,2025,,short,7,2025/8/8,刚离婚的周文，被好兄弟吴勇接回家散心。吴勇突然宣称自己癌症晚期，时日无多，并做出惊人之举，恳求周文在自己死后“接收”并照顾他贤惠性感的妻子苏沐雨。周文震惊拒绝，吴勇为促成此事，开始刻意制造周文与苏沐雨独处。,https://p9-novel-sign.byteimg.com/novel-pic/5335e01b997f841af938f5c368d8e7a8~tplv-resize:0:720.webp?lk3s=4a76a7c7&x-expires=1770383764&x-signature=Pn6b0NFXRUi5QwctZX2WXDy9kek%3D,,邓威
带娃重追教官老公：我靠美食爆火,2025,,short,9,2025/8/8,程月弯重生回抛崽逃走日，前世恨错宋怀生，此生想补偿。随军到海岛后，她用美食把两娃养得白白嫩嫩，也收服了宋怀生。因常有人求她开饭店，她便在追夫养崽同时，利用海岛资源做捞汁小海鲜等发家致富。,https://p6-novel-sign.byteimg.com/novel-pic/218143de8e4cca15fba9aed18fb478d3~tplv-resize:0:720.webp?lk3s=4a76a7c7&x-expires=1770048564&x-signature=DcazgNO%2BnW8PZhEu3cCACOZ6Fo4%3D,,白宗炎;卢艺煊
没关系是家人啊,2025,,short,8.5,2025/8/5,民国时期，人类陈一仁意外救了走失的魔域小公主夜小欣。后来，夜小欣的哥哥夜晷寒也出现了，一直潜伏在陈一仁的身边，因为妹妹生了重病，陈一仁正是药引，而陈一仁却全程不知情。但要让陈一仁成为药引，需要先找到陈一仁丢失的魂魄。三人因此一起走上了捉妖和摆渡怨灵之路……结果在这个过程中，三人的感情越来越深，互相救赎和治愈了，成为了一家人。直到最后，陈一仁发现了夜晷寒待在他身边的目的，竟然是害他，将他变成药引给妹妹吃，知道真相的陈一仁该如何选择？,https://image.tmdb.org/t/p/w500/r4jySoqYGDD2JjuT9XQ9yrruaa9.jpg,,曾辉;王培延
美女别撩，哥只想挣钱,2025,,short,8.5,2025/8/5,苏清雪将林泽当作白月光的替身，协议结婚。纪泽峰归来，她提出离婚，林泽伤心身亡，被异界强者魂穿而归。新林泽性格霸道凌厉，反击羞辱，翻盘逆袭。苏清雪在对抗与相处中逐渐动摇，开始看清谁才是真正值得托付的人，而纪泽峰的真面目也渐渐暴露。,https://p9-novel-sign.byteimg.com/novel-pic/8754e1b2b2e8ecac60cd3c9330f9c9a3~tplv-resize:0:720.webp?lk3s=4a76a7c7&x-expires=1770287687&x-signature=Fyk48IMy7v51CLSirtrPA8siiXA%3D,,孔奇力;咸俊旭
大力千金打工记,2025,,short,8,2025/8/5,将军嫡女苏婉玉天生神力，不慎摔倒穿越到了2022年。穿越重生的苏婉玉发现原主的丈夫宋纪淮作为律师不仅智商颜值在线，对原主也十分专情。,https://p6-novel-sign.byteimg.com/novel-pic/633a079e1817e776cb50abf8edf70d64~tplv-resize:0:720.webp?lk3s=4a76a7c7&x-expires=1769976091&x-signature=gLiJkOBXZIxUVsTVJl5CxyZwm0I%3D,,任浩翔
我和我的父亲,2025,,short,7,2025/8/5,余虫虫智商只有8岁，与患癌的父亲相依为命。一场意外让他与富家千金顾清雪相遇，唤起了她对多年前救命恩人的回忆。然而，村长为了拆迁利益，不断刁难虫虫父子，甚至诬陷虫虫偷看村长妻子洗澡。面对重重压力，虫虫父子艰难求生。父亲为保护儿子，不惜以自己的眼睛作为代价。在这场关乎生存的较量中，虫虫父子能否守住家园？顾清雪又能否认出当年的救命恩人？一段跨越阶层的温情故事正在展开。,https://p9-novel-sign.byteimg.com/novel-pic/e06c99253c67e4221a2d7783aa59c347~tplv-resize:0:720.webp?lk3s=4a76a7c7&x-expires=1770384040&x-signature=0KBOaox8SwRPo0cJk8oALRtdAXI%3D,,孙钰哲
生死宝典,2025,,short,7.5,2025/8/4,美女总裁唐依依被烂赌成性的弟弟唐子豪伙同母亲谋害，濒死获《生死宝典》复活。这本天界掌管生死的帐簿助她多次救父与无辜之人。原主人冷睿（器灵）来夺宝，两人从争斗到相爱，最终携手战胜宝典中封印的大魔头。,https://p3-novel-sign.byteimg.com/novel-pic/a2f623d3fb06e607568ae6e5abf2e904~tplv-resize:0:720.webp?lk3s=4a76a7c7&x-expires=1770343979&x-signature=JEQf7oveX73S6Oe4Oy2mKj7djs8%3D,,马千欢
大夏圣主,2025,,short,7,2025/8/4,王浩，曾是大夏武神殿的至高殿主，却因一场阴谋被迫隐居。如今，他以普通工人的身份生活，与妻子叶倾城相守。然而，当冥杀殿卷土重来，威胁着大夏的安宁时，王浩的平静生活被打破。妻子叶倾城被绑架，迫使他不得不重新踏入这个充满危机的世界。面对敌人的威胁，家人的误解，以及妻子的疏离，王浩究竟能否重拾昔日荣光，挽救大夏于水火之中？,https://s3.suju.app/@xdj/18/Aetpq/0.jpg,,张元帅
男老板的反击,2025,,short,7,2025/8/4,男主王斌自小性格就要强，15岁外出打工，最终成就一翻大事业，事业有成后，荣归故里，准备接家人进城，结果碰到弟妹欺负自己妈妈，王斌直接上前理论，弟妹得知婆家哥哥在城市挣大钱了，计从心来，一张大网罩向王斌。,https://s3.suju.app/@xdj/23/zD7fq/0.jpg,,向阳
我的订婚危机,2025,,short,7,2025/8/4,秦小海本是普通外卖员，却意外发现自己是失散多年的首富之子。面对突如其来的身世转变，他坚持与养母相依为命，拒绝回归豪门。为了与女友王美丽订婚，秦小海辛苦凑齐五十万彩礼。然而，在订婚宴上，丈母娘突然加码要求，不仅彩礼翻倍，还要豪宅豪车。与此同时，富二代刘少趁机挑拨离间，暗示秦小海配不上王美丽。面对重重阻碍，秦小海该如何应对？他的真实身份又会带来怎样的转机？,https://p9-novel-sign.byteimg.com/novel-pic/d51c0e1367704bf6795537130f3fda35~tplv-resize:0:720.webp?lk3s=4a76a7c7&x-expires=1768050629&x-signature=eIvS62%2B7hq%2BsgaUGJq1MQTj2P4E%3D,,贾凯文
岁月知娘恩,2025,,short,7,2025/8/4,农妇赵兰满心为子女，儿子赵华嫌贫爱富，对外谎称她是保姆。而曾被拐卖的继女顾青青已成百亿富豪，赵兰遭赵华嫌弃侮辱后想寻短见，幸被顾青青及时救下相认。因赵兰重病不能受刺激，顾青青隐瞒富豪身份扮秘书。赵华未婚妻一家刁难赵兰，顾青青暗中相助，一次次反击，守护着赵兰。,https://s3.suju.app/@xdj/24/v2pjY/0.jpg,,黄健
嫁给喻先生,2025,,short,9,2025/8/3,22岁的画手时笙替姐姐相亲，与30岁教授喻文州合作闪婚。喻文州虽然看似高冷，却总给时笙做饭、讲故事哄她睡觉、把她介绍给家人，无处不在的宠爱让时笙倍感幸福。两人感情随着相处逐渐升温，最终以婚书告白甜蜜收尾。,https://image.tmdb.org/t/p/w500/7O73cB0JGcyOTecRHhVXG0Bi6pv.jpg,,刘萧旭
双生花,2025,,short,7.5,2025/8/3,十五年前，双生姐姐将首富的领养名额让给了妹妹，十五年后姐姐被权势压迫，受辱跳楼、生死一线，妹妹载誉归来，却看见日思夜想的姐姐躺在了重症监护室，伤痛欲绝的她决定以身入局，誓要亲手惩戒那些恶人！李莲心昏迷在床，身边的丈夫吴仁义体贴照顾，这么一个在外人看来十分爱重妻子的男人，却在午夜意图残害妻子，以此骗取巨额保险金来堵住自己的外债，不过螳螂捕蝉黄雀在后，床上躺着的女人早已变成妻子的双生妹妹。,https://p3-novel-sign.byteimg.com/novel-pic/b17912b29cd696bf3b81da6cabdce49a~tplv-resize:0:720.webp?lk3s=4a76a7c7&x-expires=1768873873&x-signature=iQwNmCQDsF9Lw2HnDMuIfO1DbCw%3D,,黄健
穿越蛮荒野人老公放肆宠,2025,,short,8.5,2025/8/3,林夏穿越到原始时代，觉醒了文明系统，还意外和部落首领苍春风一度，怀了四个崽且崽崽头上会冒出熊猫耳朵？不管了，林夏撸起袖子利用系统大展拳脚，帮助野人进化生存，这时，苦苦寻找幼崽七年的兽人老公苍找上门来。,https://p9-novel-sign.byteimg.com/novel-pic/b5f8f1aa7f247bbd62533d7fb54de3e2~tplv-resize:0:720.webp?lk3s=4a76a7c7&x-expires=1769991943&x-signature=X9BmCa%2BFJWM86ZcgNdAF%2FaYtirw%3D,,赵志盟
闺蜜的彼岸,2025,,short,6.5,2025/8/3,在前世，孙琳的所谓闺蜜郭芳对一名出租车司机不礼貌，导致双方发生冲突，最终导致孙琳的死亡。重生后的孙琳决心防止悲剧的重演，她开始面对自己的伪善闺蜜郭芳，后者一直在图谋夺取孙琳的丈夫徐洋并接管她的公司。故事在展现孙琳与郭芳和徐洋之间复杂关系的过程中，揭示了他们的阴谋与动机。随着故事的发展，孙琳揭露了他们的欺骗，最终导致一场对决，迫使郭芳和徐洋面对自己行为的后果。,https://p9-novel-sign.byteimg.com/novel-pic/b7775549a1a7598cce786ec8af61857d~tplv-resize:0:720.webp?lk3s=4a76a7c7&x-expires=1768403615&x-signature=8DnqFytxS1qUW8e7duiLP1M5NvY%3D,,黄健
70年代：我有空间专制不服,2025,,short,9,2025/8/3,70 年代苏家以竹筒抽豆决定苏安和苏月谁去下乡谁去机械厂当会计，重生的苏安直接揭穿其中猫腻，前世她遭遇诸多不公含恨而死，重生后她决定拿回属于自己的一切。,https://p9-novel-sign.byteimg.com/novel-pic/5474e6912b90b89a4f16e49afbafeea0~tplv-resize:0:720.webp?lk3s=4a76a7c7&x-expires=1769270963&x-signature=BZk%2Fr6wcZiV7TKq0nT6rSmqyxd0%3D,,吴明宇;黄健
绝命钢琴师,2025,,short,8.5,2025/8/3,李木子为了揭开姐姐李清死亡之谜，采取了极端手段，假装失明，以此接近可能掌握关键信息的秦朗。家庭音乐会上的意外发现，不仅让她直面了一场杀人事件，还使她陷入了前所未有的危机之中。面对事件参与者的不断试探，李木子必须时刻保持警惕，以免暴露自己的真实情况。在成功从危险环境中抽身后，李木子立即报警，却在一切尘埃落定后露出意味不明的笑容......,https://p3-novel-sign.byteimg.com/novel-pic/06d3880cf1afa2dda01fc8c65061fc58~tplv-resize:0:720.webp?lk3s=4a76a7c7&x-expires=1770343090&x-signature=KJKao1cODT1dkh%2Fvm0y0i7DRLC0%3D,,秦天爱
这个教官有点帅,2025,,short,8,2025/8/1,大学新生开学前，由班主任蒋思琪老师带领学生们一起参加军训。训练期间，教官齐霄与性格迵异的学生们，在军训时碰撞出爱情的火花，大家互相治愈，蜕变成长。,https://image.tmdb.org/t/p/w342/nhhSve9rdxC8Yv6luRiYr6ef50k.jpg,,亓航
超能萌宝找爹地,2025,,short,7.5,2025/8/1,六年前，暗阁第一杀手夜歌执行任务时中药，意外和首富沈南封发生关系，生下一女。六年后，姜晚意带着孩子闯入沈夫人的生日宴，只为找到沈南封救孩子的命，却被人奚落，关键时刻，沈南封突然出现…,https://p9-novel-sign.byteimg.com/novel-pic/e3491ccfaaeb06426cdbd5ea41a18547~tplv-resize:0:720.webp?lk3s=4a76a7c7&x-expires=1769396879&x-signature=TNl4ugSWpUeHQhV7ufoTvfK8E6o%3D,,柏程俊
力拔山兮喜欢你,2025,,short,8.5,2025/8/1,傅家新一代家主傅景同经常收到死亡威胁，“女杀手”乔叶菲的天生神力，唤起了傅景同的回忆，两人经历种种误会与趣事，将幕后黑手绳之以法。傅景同也发现了爱人就是自己的救命恩人，有情人终成眷属。,https://p3-novel-sign.byteimg.com/novel-pic/4c8efcafe401be3ac321391a0e3735c6~tplv-resize:0:720.webp?lk3s=4a76a7c7&x-expires=1770120188&x-signature=h9PLrINIsMK%2Fe68bBqhXDLzRLAI%3D,,朱一未
花间喜事昭月归,2025,,short,8.5,2025/8/1,女主小道士昭瑜在山上清修多年灵力毫无长进，被师傅踹下了山，临走前他赠与一颗种子，告诉她找到真爱，修为就会大涨。结果种子被慕岑误打误撞吞下，还因此直接得了个娃？！生孩子，上哪去讲道理！嬉笑打闹中，命运的齿轮徐徐推进，慕岑注定要死在某个月黑风高的晚上。人人都劝她放弃，爱意随风起，她说，她偏要勉强。,https://p6-novel-sign.byteimg.com/novel-pic/c65e64c43d08714f5d5f964cab333c0c~tplv-resize:0:720.webp?lk3s=4a76a7c7&x-expires=1768914807&x-signature=fPdtS9tZGHX2lc7wd7ktmzPIpog%3D,,黄仁德;秦天爱
中秋夜，儿归时,2025,,short,7.5,2025/7/31,20年前，5岁的林阳遭人贩子绑架，父母苦寻，青梅竹马替他照顾父母。20年后，他成为天峰集团总裁，在拆迁小卖部的现场，和亲人重逢。,https://p6-novel-sign.byteimg.com/novel-pic/51f5cb90c65e865eb148445fd6ae77dd~tplv-resize:0:720.webp?lk3s=4a76a7c7&x-expires=1767148202&x-signature=wHd40E1ycGclOG8CD%2BITK15kZ48%3D,,张志伟
这世界有人爱你,2025,,short,8,2025/7/31,陆氏集团少爷陆倾池遭人追杀被沈然救下，俩坏人却误将后来的陆清河认作陆氏集团二少，用货车一路尾随蓄意撞上。陆清河央求路人救下怀孕的沈然，自己重伤并身患重病，于是选择了不拖累妻女，营造离世的假象。沈然独自将女儿小念养大，一次女儿的意外昏倒住院，小念在医院偶遇了被护工欺负的陆老夫人，沈然阻止恶人，陆倾池赶来与沈然再次相遇。,https://p9-novel-sign.byteimg.com/novel-pic/34607945a08bff266ce668d606e0085a~tplv-resize:0:720.webp?lk3s=4a76a7c7&x-expires=1770344570&x-signature=lK%2FYTmF8cUEGJK%2B2%2FqpqvwZW%2FUE%3D,,秦远
红豆生南国,2025,,short,8,2025/7/31,乡下女子乔希月，父母双亡，被村里人当成灾星。孤苦无依的她想要就此了结生命，最后关头，落难公子裴少商闯进来，俩人相互救了对方性命，自此一见钟情，私定终身。一个月后，裴少商需要回城处理家族内斗，担心会有危险伤害到乔希月，裴少商留下一纸婚书，承诺一定会回来娶她回家。这一去就是五年，乔希月独自生下女儿裴天恩，一直在等裴少商来接自己。,https://p6-novel-sign.byteimg.com/novel-pic/4131a1aa71f73adc61406c13d8d55b11~tplv-resize:0:720.webp?lk3s=4a76a7c7&x-expires=1770032861&x-signature=xFfXfgRFexbmTLX%2FChxkLLMQWQI%3D,,赵德昊
家贫不嫌父穷,2025,,short,8,2025/7/31,身为贫农的吴大海有两个孩子，亲生的吴杰和捡来的吴萱。多年后，吴杰嫌弃吴大海有尿毒症，偷偷订婚，并说父亲死了，吴大海大骂吴杰，吴杰却伙同徐家动手殴打父亲。此时失散多年的吴萱出现，并以五百强老总的身份打脸众人。,https://p9-novel-sign.byteimg.com/novel-pic/decf6dace8c7ddc23a5be777ec57f93d~tplv-resize:0:720.webp?lk3s=4a76a7c7&x-expires=1769256537&x-signature=46tsYFDaw6yFrWP%2BAeUxgeCVSM0%3D,,李永鑫
子欲养而亲不待,2025,,short,7.5,2025/7/31,陈俊意外得知自己是身价百亿的陈耀唯一继承人，却面临家庭与责任的双重考验。癌症晚期的父亲需要他的照顾，而妻子刘婷及其家人却误解这是一场利用。刘婷不仅拒绝支持丈夫尽孝，还暗中与情人密谋榨干陈俊的财产。在陈氏集团继承权即将公开之际，刘婷带人殴打陈耀，并决定离婚。陈俊将如何应对家庭危机，守护父亲，捍卫自己的权益？一场关于亲情、婚姻与财富的较量正在上演。,https://p3-novel-sign.byteimg.com/novel-pic/ccf5dc33c4667e89dfded58653c90c74~tplv-resize:0:720.webp?lk3s=4a76a7c7&x-expires=1767924300&x-signature=XlO6jqkqjqLJIvpuyfmS6Cz7Rwk%3D,,贺龙天
你好，先生们,2025,,short,8,2025/7/30,怀揣着新闻理想的林君妍进入了一家业界不错的传媒公司做了一名见习记者，在她做新闻调查的工作中，先后遇到了腹黑作家钟善沐、奶狗明星宋俊安、霸道总裁金世希及暖男医生霍泽浩。这四个性格各异、不同类型男人改变了林君妍的生活，乃至人生。在经历了娱乐圈黑幕、商业斗争等等事件之后，林君妍在四个男人中找到了自己的真爱。,https://media.themoviedb.org/t/p/w440_and_h660_face/ryL5yqCjKH4jyf0uCS0LCiWme2A.jpg,,孔奇力;申浩男
裁员后我走我的阳关道,2025,,short,7,2025/7/30,陆鸿遭刘楚月背叛后重生，辞职创业成立鸿鹄科技。欧阳佩对陆鸿日久生情，成为其贤内助。陆鸿凭借技术逆袭，揭露刘楚月真面目，最终与欧阳佩携手共赢，刘楚月等人自食恶果。,https://p9-novel-sign.byteimg.com/novel-pic/89a7bd89aedfe4bdbceac8e3d98184ef~tplv-resize:0:720.webp?lk3s=4a76a7c7&x-expires=1768749213&x-signature=yaQwklQQnSQn6QqJehBiwUQaD64%3D,,赵志盟
百分之百,2025,,short,8,2025/7/30,林奕意外获得了一项异能能够看到每个人头顶的百分比数字，但他起初并不清楚这个数字代表什么。但是在与女友苏雅及其家人相处时，他发现了不为人知的秘密，而这个秘密，也让林奕知道了每个人头顶的百分比数字含义，竟然是,https://s3.suju.app/@xdj/51/dS1I7/0.jpg,,王鑫源
陆少的小尾巴又萌又猛,2025,,short,8.5,2025/7/30,于书心为查明家族大火真相，意外闯入陆霆的生活，两人从对立到合作，共同揭开惊天阴谋。,https://s3.suju.app/@xdj/22/TGxx7/0.jpg,,赵志盟
富贵不还乡,2025,,short,7.5,2025/7/29,被陷害入狱的林云峰如何重返家乡？他与旧爱曹小娥能否重修旧好？十年隐藏的秘密将如何揭开？一场惊天逆袭即将上演！,https://s3.suju.app/@xdj/38/W7JmpB/0.jpg,,赵志盟
枕边的秘密,2025,,short,8,2025/7/29,枕边的秘密丈夫鹿川发现妻子舒雨的秘密，婚姻陷入危机，真相逐渐揭开，情感波折不断。,https://s3.suju.app/@xdj/23/8b04f/0.jpg,,赵志盟
我回归后，父母惊呆了,2025,,short,7.5,2025/7/29,一场意外相逢，揭开了楚天隐藏多年的身世之谜。这位年仅二十出头就身价百亿的商业奇才，竟是当年被亲生父母遗弃的弃子。重返家门，楚天本想弥补失去的亲情，却不料迎来的是父母的冷嘲热讽和弟弟的嫉妒敌视。更令人寒心的是，父母找他回来竟是为了给养子楚峰换肾！他将如何揭露真相，惩治这对狠心的父母？这场亲情与复仇的较量，究竟谁能笑到最后？,https://p3-novel-sign.byteimg.com/novel-pic/3dea7e54407a6e45a3ff692eb3ef6dfb~tplv-resize:0:720.webp?lk3s=4a76a7c7&x-expires=1767832505&x-signature=Ld2XEhW4Cna7uV4jhq0g7IGSCX8%3D,,赵志盟
被偷走的荣耀,2025,,short,7.5,2025/7/29,王兴从小走失，被养父李天宏收养，八年前王兴查到自己的亲生父母是王胜林和李兰，于是为了报答生育之恩选择回归王家，并且在这八年间呕心沥血研发出全球最领先的6g技术。然而养子王力暗中挑唆，父母对他偏听偏信，两个姐姐也因此讨厌王兴，处处污蔑王兴。最终王力甚至将研发6g的功劳据为己有，王兴彻底失望，选择和王家断绝关系。,https://p3-novel-sign.byteimg.com/novel-pic/73232f192dea6b561efe5c9317c0a6c3~tplv-resize:0:720.webp?lk3s=4a76a7c7&x-expires=1768081635&x-signature=t0fMwYH66tKajs2g1Fvswxqtafs%3D,,赵志盟
死期将至,2025,,short,7.5,2025/7/29,江泽意外获得能预知未来的手机，利用它改变命运，揭开豪门阴谋，最终逆袭成功。,https://s3.suju.app/@xdj/20/pqVj9/0.jpg,,赵志盟
衣锦不还乡,2025,,short,8.5,2025/7/29,两村世仇,https://s3.suju.app/@xdj/24/F8ohZ/0.jpg,,赵志盟
魔鬼律师,2025,,short,8,2025/7/29,魔鬼律师因妻子去世洗心革面,https://s3.suju.app/@xdj/30/WeGdp7/0.jpg,,杨宗儒
莫名其妙爱上你,2025,,short,9,2025/7/29,沈家大小姐沈凝与庄氏总裁庄旭三年婚约至，庄旭要离婚，让沈凝选分手费或等沈家破产。庄旭车祸瘫痪后有了读心术，发现沈凝是穿书人，能听到她的预言，对她兴趣大增。相处时彼此爱慕渐生，沈凝想改原著剧情与庄旭相伴，可改变过程中，剧情反噬却屡屡殃及他人。,https://v1.img.360kuai.com/t11508c75c87415ff032371cc5d.jpg?size=853x1137,,赵志盟
其实也没那么爱你,2025,,short,8.5,2025/7/28,在席慕深眼中，妻子苏溪只是个瘸腿的家庭主妇，他却不知她曾是国际泳坛闪耀的冠军青鸟。五年前，在赛场绽放异彩的苏溪救起落水的席慕深，他们也一见钟情，可救他时苏溪伤到了腿，为此隐退，与他步入婚姻。因青鸟比赛时总是戴着面具，所以席慕深也不知道妻子就是青鸟。婚后，席慕深因心里一直爱慕青鸟而对苏溪羞辱作贱，两人最终离婚。离婚后苏溪决定重回泳坛，做回青鸟。此时，听到青鸟回归的消息，席慕深也是第一时间赶到...,https://p6-novel-sign.byteimg.com/novel-pic/732b4c5a56022f35e84d45d4904efff4~tplv-resize:0:720.webp?lk3s=4a76a7c7&x-expires=1770345286&x-signature=CYEmbfrnD8Mgq8zYlzFkazaYL7Q%3D,,邹盛文
平安归来,2025,,short,8,2025/7/28,苏云辰被拐多年后，重返家庭，揭开豪门秘密，逆袭人生。,https://s3.suju.app/@xdj/19/WEUpYC/0.jpg,,邹盛文
天策战神,2025,,short,7.5,2025/7/28,因母亲病重，镇守北境五年的萧天策决定回到江城。回来后发现，母亲和妹妹一直遭受赵氏集团赵傲天和舅舅秦德的欺辱。同时，和自己青梅竹马的言幼惜，也受到赵傲天的打压。萧天策开始动手，让这些人一一付出代价。随着事情的深入，萧天策逐渐发现了有关自己身世的秘密，于是决定前往帝都，找真正的仇人，报仇雪恨！,https://s3.suju.app/@xdj/11/a1IDR/0.jpg,,邹盛文
逆境极光,2025,,short,8,2025/7/28,退伍军人黄子豪荣耀返乡，却惊见未婚妻刘天娇与哥哥黄嘉伟的订婚宴。刘天娇羞辱他，黄嘉伟要将他赶出黄家、独霸产业。走投无路的黄子豪买醉时得唐倩相助，进而结识光子成。黄子豪选择酒水赛道，其真诚打动光子成，获光良酒销售权。最终，他凭借光良白酒逆袭，还与唐倩喜结良缘，成为人生赢家。,https://p6-novel-sign.byteimg.com/novel-pic/a65f9f12b187efe12efc446863afe9be~tplv-resize:0:720.webp?lk3s=4a76a7c7&x-expires=1770345324&x-signature=d2kOx5IOlNk1GUcusUPrP8emtdY%3D,,邹盛文
娘恩,2025,,short,8,2025/7/27,江晚秋遭丈夫家暴流产不孕，离婚独养江澈。江澈海外名校毕业归来成总裁偿债。江晚秋受辱，江澈亮百万玉镯。后召开发布会揭真相，江晚秋成“模范母亲”，江澈与原生家庭决裂。,https://p3-novel-sign.byteimg.com/novel-pic/72521f14a93ace9926e221c3f9903b90~tplv-resize:0:720.webp?lk3s=4a76a7c7&x-expires=1770284716&x-signature=dsqh0mugOi%2Ft7QIDLa5AcS0mabg%3D,,邹盛文
爸妈回国后，我走上巅峰,2025,,short,8,2025/7/27,父母离婚后竟是隐瞒身份出国打拼的全球首富和战神？儿子陆阳却在工地搬砖，还被女友和丈母娘嫌弃。当父母归来，陆阳的人生将如何逆袭？前女友又将付出怎样的代价？,https://s3.suju.app/@xdj/40/zIQcC/0.jpg,,邓威
末日之热浪来袭,2025,,short,8.5,2025/7/27,刘世重生末世前，逆袭复仇，携手强者迎战末世。,https://s3.suju.app/@xdj/20/WuePBM/0.jpg,,祁圣翰
过年回村我的爱情变了颜色,2025,,short,7,2025/7/27,订婚前夕,https://s3.suju.app/@xdj/34/WU0H8Y/0.jpg,,邓威
公道之情义无价,2025,,short,7.5,2025/7/27,龙门帮主霍震宵金盆洗手，回归家庭，却因青蛇帮挑衅重出江湖，守护家人和南市。,https://s3.suju.app/@xdj/20/81qht/0.jpg,,邓威
万米之上,2025,,short,8.5,2025/7/26,张磊在飞机上遭遇神秘轮回，每十分钟飞机爆炸一次。为阻止坠机，他与Alisha展开一场生死较量。,https://s3.suju.app/@xdj/17/qUvYW/0.jpg,,马翼
直播偷听动物心声她成为顶流,2025,,short,8,2025/7/26,拥有偷听动物心声的孤女顾依然，意外卷入豪门阴谋。为救病危女孩，她开启玄学直播，揭露亲情谎言，怒怼恶毒外祖父，一步步揭开身世之谜，最终逆袭成神？,https://p6-novel-sign.byteimg.com/novel-pic/d5e9fdeff9eb3e77e9ac86cb540375a0~tplv-resize:0:720.webp?lk3s=4a76a7c7&x-expires=1768219054&x-signature=ZyqWN%2Fis%2FwhRJnv0QaW4zo34iqA%3D,,董一
破晓,2025,,short,8.5,2025/7/26,丈夫出轨家暴，婆家冷漠刻薄，她忍无可忍？一盘人肉饺子，揭开家庭伦理的惊天黑幕！哑女为母顶罪，绝境能否逆袭？爱与恨交织，真相扑朔迷离！,https://s3.suju.app/@xdj/47/FWVy1/0.jpg,,祁圣翰
浴火,2025,,short,8.5,2025/7/25,普通职员江勤因救助老人耽误上班遭妻子指责，却意外查出癌症晚期。在绝望之际，他竟是身价千亿的沈氏集团太子爷？究竟他能否战胜病魔，收获真爱？,https://s3.suju.app/@xdj/31/AWlKw/0.jpg,,祁圣翰
选择系统，重回高考前,2025,,short,9,2025/7/25,重回高考前，程浩意外获得学霸系统，本想躺平选择七百五十万，却阴差阳错走上学霸之路。高考满分，名校奖金，爱情友情双丰收，弥补前世遗憾，开启星辰大海的征途！他会如何逆袭人生？,https://s3.suju.app/@xdj/49/yl8XGU/0.jpg,,委佳宇
热辣滚烫之华丽变身,2025,,short,8.5,2025/7/24,白药在婚礼上被人公开嘲笑长得像猪，联姻对象纪云深也对她心生厌恶，伤透了心的白药在屋里偶然捡到一本《千金瘦身方》，开启了为期一个月的魔鬼减肥，瘦成了倾国倾城的大美女。在爷爷的生日宴上，白药闪亮登场，让所有人都惊叹不已。纪云深对白药心动，并对自己伤害了白药表示道歉，但白药并不领情，纪云深开始了追妻火葬场的生活。,https://cdn.duanjubaike.cn/cover/2025/11/aNdfxIDnlTFC2qKfX1Hyc96uo9YHKwL9AzDQljaZ.jpg,,邓威;秦天爱
攻略黑化男配,2025,,short,9,2025/7/23,林笙笙因被云宸掐死，意外穿越到《女主我最大》这本书的系统，获得一次重生的机会，并拿到了任务线——攻略云司衡、阻止男主被杀，在一系列情节的推动之下逐渐爱上了他，走向大女主的剧本路线。,https://p3-novel-sign.byteimg.com/novel-pic/de2fdba20f2abc30ca49f79583697d63~tplv-resize:0:720.webp?lk3s=4a76a7c7&x-expires=1769557870&x-signature=qwp%2BUSHDz2dLtQma%2BJEz9JjDq%2Bk%3D,,邓威;陈天晓
绝爱倾城,2025,,short,8.5,2025/7/23,姜念与沈淮安在爱恨交织的复仇中斗智斗勇，揭开豪门恩怨的真相。,content://com.android.providers.media.documents/document/image%3A1000117627,,孔奇力
宠妻就变强，我的女帝老婆藏不住了,2025,,short,8,2025/7/22,重生为反派的陈青，原本打算摆烂绝不招惹主角，安安稳稳过一生，谁知竟意外绑定宠妻系统，要让他去攻略天命女帝，还与其结婚？可是这个天命女帝乃是剧本中男主角的第一红颜，最终在系统的海量奖励诱惑下，作为反派的陈青只好对不起主角，努力宠妻了。,https://s3.suju.app/@xdj/51/pzFO7/0.jpg,,孔奇力
你比星河更璀璨,2025,,short,8.5,2025/7/22,豪门千金惨遭陷害，涅槃重生！当真相被掩盖，爱人能否相守？复仇的火焰燃起，她将如何手刃仇敌，夺回属于自己的一切？海洋之星的秘密，又将指向怎样的阴谋？,https://s3.suju.app/@xdj/50/WzM303/0.jpg,,孔奇力
传家宝被砸，我选择离婚,2025,,short,6.5,2025/7/21,赘婿林峰遭妻子柳菲菲羞辱，传家宝被砸，真实身份竟是豪门继承人？柳菲菲为初恋背叛婚姻，最终身败名裂，林峰如何逆袭复仇，夺回属于自己的一切？,https://gimg2.baidu.com/gimg/src=https%3A%2F%2Fwangwangzyimg.com%2Fupload%2Fvod%2F20250718-1%2F21771290238aefc22d5f7c222cacf2d1.jpg&app=2028,,邓威
千金你是谁,2025,,short,7.5,2025/7/21,林志远勾结妻子的闺蜜杀害妻子沈欣洋，葬礼当天，“沈欣洋”却回来了，打得所有人措手不及。 邱晓楠假扮妹妹回归沈家，调查死因，为妹妹复仇。 复仇即将成功之际，失去记忆的沈欣洋却回归了，还站在林志远那边……,https://vpic-cover.puui.qpic.cn/d3544nx3e61/d3544nx3e61_1711723976_vt.jpg/720,,赵龙
余生不见你幸福,2025,,short,9,2025-07-20,五年前她被迫离开，五年后为救儿子重回他身边，却发现他早已心有所属。面对他的冷漠和白月光的阻挠，她能否逆袭成功，救回儿子，重获爱情？他最终能否发现真相，原谅她的不辞而别？,https://images.tmdb.org/t/p/w342/nheo6g0kK13IDowkRplW6xpUtdB.jpg,https://images.tmdb.org/t/p/w780/qJLZkemM0PkmWa2568wBEFLKetD.jpg,乔佳乐
往后余生，多多指教,2024,,short,9.5,2025-07-20,职场小透明余多多因意外和季晏书一夜情缘并意外怀孕，为了孩子，在季老夫人的坚持撮合下和季晏书闪婚，然而季晏书有一个谈了多年的女友，他和余多多约定等孩子出生就离婚让一切回到原点，然而一切都脱了轨，三个人的感情该何去何从……,https://images.tmdb.org/t/p/w342/riEf4emEN3sjOCX73YcjcVfYlm2.jpg,https://images.tmdb.org/t/p/w780/pd3btZu7fkgcSCDv3CbHSvwRqDJ.jpg,白方文;施景子
错嫁君,2025,,short,8,2025-07-20,年轻守寡的陆安宁为亡夫谢云望一家辛苦操劳，助义子谢子宸功成名就，不想临死之时才发现谢云望假死，谢子宸假意，小三林婉儿更是嚣张跋扈。 重活一世，陆宁安展现出惊人的坚韧，斗渣男、智小三、整谢家，实现了自我救赎和成长。 ，反转，逆袭，重来人生，古装短剧，宅门风云,https://images.tmdb.org/t/p/w342/liiNTQOpRzdLqV0NSuRhNnsdHpB.jpg,https://images.tmdb.org/t/p/w780/gL9xdzp3VaDKpRkBPYPksbgkI7K.jpg,孔奇力;张楚萱
在澳门念书的女儿回村了,2025,,short,9,2025/7/20,澳门女大学生童有悔返乡，发现父亲深陷赌局，输掉巨额学费。看似简单的赌局背后，隐藏着巨大的阴谋。童有悔能否帮助父亲摆脱困境，揭露真相？,https://s3.suju.app/@xdj/45/WoNYOi/0.jpg,,王倩
余生不见你幸福,2025,,short,9,2025/7/20,五年前她被迫离开，五年后为救儿子重回他身边，却发现他早已心有所属。面对他的冷漠和白月光的阻挠，她能否逆袭成功，救回儿子，重获爱情？他最终能否发现真相，原谅她的不辞而别？,https://s3.suju.app/@xdj/46/yeC4ry/0.jpg,,乔佳乐
掐错红线牵对郎,2025,,short,8,2025/7/20,实习月老点点下凡历劫，误断姻缘，霸总顾祀羽情路坎坷！为弥补过失，点点能否成功牵线顾祀羽与白婉转世姜早？豪门恩怨、前世情债，他们又将如何逆天改命，收获真爱？,https://s3.suju.app/@xdj/38/eyhYk/0.jpg,,孔奇力
凭爱意将月光私有,2025,,short,8.5,2025/7/20,青梅竹马的许莓和陆知衍在婚姻与家庭的纷扰中，经历背叛与误解，最终找到真爱的故事。,https://s3.suju.app/@xdj/18/7Zn2S/0.jpg,,王嘉懋;吴明宇
我和乞丐老公都不装了,2025,,short,8.5,2025/7/20,林落笙是龙隐家族大小姐，为报恩与苏家灏交往三年，助其致富。苏家灏却娶宋莹莹，林落笙怒而与乞丐陆眠风领证，誓言助其成首富。后发现陆眠风实为幽冥殿尊主，婚后两人相爱，发现陆眠风才是真恩人，最终真相大白。,https://vpic-cover.puui.qpic.cn/a3550l86dyc/a3550l86dyc_1716531126_vt.jpg/720,,鲜嘉臣
沙盘秘境：小人国之战,2025,,short,7.5,2025/7/20,庆国大将军萧越被毒害后意外重生现代，却发现自己的沙盘竟连通古代世界。为拯救饥荒连年的庆国，他该如何运用现代科技力挽狂澜？与女帝之间又将擦出怎样的火花？,https://s3.suju.app/@xdj/34/W6pKxZ/0.jpg,,孔奇力
错嫁君,2025,,short,8.5,2025/7/20,重生千金发现夫君假死骗婚,https://s3.suju.app/@xdj/32/WWNAcR/0.jpg,,孔奇力
不忍,2025,,short,7.5,2025/7/20,大夏医圣林业为救患病女儿兮兮，寻得灵药。却在途中遭遇阻碍，妻子雨歆突发肝衰竭。面对生死抉择，林业将如何化解危机？,https://s3.suju.app/@xdj/29/CDkCM/0.jpg,,孔奇力
燎原之重回1938,2025,,short,9,2025/7/20,马帅意外梦回到1938年抗日募捐大会，经过一次次循环重启，从最初的夹缝求生，一味躲避被杀命运，成长为宁可牺牲自我，也要解救同胞的热血青年。在亲身感受了抗日战争时期我党地下工作者做出的巨大贡献后，深刻意识到天下兴亡、匹夫有责的爱国情怀，百折不挠、坚忍不拔的必胜信念，当个体命运与民族存亡同频共振时，哪怕再微小的火苗，也能迸发出燎原之势。,https://image.tmdb.org/t/p/original/6F8Tu9Yaf2zYNqBLhi348VFqAiU.jpg,,袁铭泽
爱在阳光下,2025,,short,6.5,2025/7/20,精神病患者李忍出院后，与仇人胡老三展开激烈对抗。十年蛰伏，他究竟是真的痊愈还是伪装？复仇之路将如何收场？,content://com.android.providers.media.documents/document/image%3A1000104697,,孔奇力
锦衣镇天下,2025,,short,8.5,2025/7/20,现代人黄少杰穿越古代，意外加入锦衣卫并获得系统，从此开启开挂人生。破奇案，诛恶寇，一路高升，最终名满天下。他能否适应古代生活？又将如何在这乱世中生存？,https://s3.suju.app/@xdj/45/Wtpnrf/0.jpg,,孔奇力
老千,2025,,short,8.5,2025/7/20,我是老千。 赌桌上，翻云覆雨的老千。但我想用我的经历，告诉你一个最朴素的道理，远离赌博。 因为，十赌九诈，十赌十输！,https://s3.suju.app/@xdj/33/WqCHke/0.jpg,,白方文
利刃出鞘,2025,,short,8.5,2025/7/20,儿子沉迷赌博，父亲竟逼其以赌戒赌？跳楼、断指，十八万巨债背后，是亲情救赎还是深渊？千术能否战胜赌场骗局？父子能否逃脱嗜赌命运？,https://s3.suju.app/@xdj/47/0QfVc/0.jpg,,夏添
S级情报在手，千金大小姐乖乖低头,2025,,short,8.5,2025/7/20,一份神秘档案，记载着豪门千金李玉珍的所有秘密。底层打工人陆平，手握情报，是选择一飞冲天，还是坠入深渊？他能否利用这份情报，赢得金钱、人脉，甚至赢得美人芳心？,https://s3.suju.app/@xdj/48/WQzCoh/0.jpg,,孔奇力
离婚后夫人她惊艳全球,2025,,short,8.5,2025/7/20,一个被假孕逼婚的设计师，通过复出工作和初恋的力量，逆袭豪门，展现都市爱情的甜美与坎坷。,https://s3.suju.app/@xdj/15/Wrg4yG/0.jpg,,白方文
往后余生，多多指教,2025,,short,9.5,2025/7/20,余多多在职场和爱情中逆袭成长，最终找到真爱。,https://s3.suju.app/@xdj/22/PkhNq/0.jpg,,白方文
点绛唇,2025,,short,9,2025/7/20,柳轻雪在大帅府中经历宠辱交加，最终逆袭成为大帅唯一的妻子。,https://s3.suju.app/@xdj/23/ztkLm/0.jpg,,白方文
拐个总裁当爹地,2025,,short,9,2025/7/20,千金夏宛星家破人亡，被退婚后逆袭复仇，揭开豪门阴谋，重获幸福。,https://s3.suju.app/@xdj/17/W5S1HH/0.jpg,,白方文
机长大人请勿偏离心动航线,2025,,short,9,2025/7/20,空姐鹿灵意外邂逅霸道总裁岑屹楼，身份成谜的他竟是王牌机长？职场危机、情感纠葛，鹿灵如何逆袭上位，收获甜宠爱情？总裁的秘密又将如何揭开？,https://s3.suju.app/@xdj/47/1TRb2/0.jpg,,刘萧旭
玫瑰冠冕,2025,,short,9,2025/7/20,豪门少爷与痴情养女在误会中结婚，展开一段波折不断却甜蜜的爱情故事。,https://s3.suju.app/@xdj/15/YV8OU/0.jpg,,申浩男;刘萧旭
逃出绝境时空,2025,,short,8,2025/7/18,一群普通人被卷入残酷的虚拟宇宙，经历生死游戏，只为活着离开并实现愿望。他们能否在绝境中逆袭，揭开虚拟世界的真相，成为拯救世界的超级战士？,https://s3.suju.app/@xdj/49/W1cbQq/0.jpg,,
卧底恋人,2025,,short,8.5,2025/7/18,卧底特工乔麦为救父潜入毒枭组织，与神秘大佬林枫陷入禁忌之恋。面对生死考验，两人将如何抉择？爱情与正义，谁能笑到最后？,https://s3.suju.app/@xdj/33/W0RaqY/0.jpg,,高杨
办公诡夜,2025,,short,7,2025/7/17,公司内，同事们各自心有所属，但他们的暗恋却始终未能开花结果。男主借着自己对女主的喜欢，策划了一连串的“鬼怪”事件，想要利用恐惧让女主依赖自己，而男二则尝试通过同样的手段接近女二。然而，随着一切的逐步展开，他们逐渐意识到，原本看似平凡的事件背后似乎有着更为复杂的阴谋，而他们身边的那个“鬼”，究竟是谁？,https://p6-novel-sign.byteimg.com/novel-pic/359f9f7c6b045d064422c63318f385bd~tplv-resize:0:720.webp?lk3s=4a76a7c7&x-expires=1770343865&x-signature=xicRpxwFc6M4jT5maLata8%2FuPu0%3D,,
乖乖驯养,2025,,short,8.5,2025/7/15,一场精心策划的豪门阴谋，她从总裁千金沦为“傻子”新娘。看似天真无邪，实则步步为营，手撕仇人，逆风翻盘！嫁给霸道总裁，是羊入虎口，还是驯服野兽？她能否揭开真相，守护真爱？,https://s3.suju.app/@xdj/50/ZAMif/0.jpg,,孔奇力
我有一张小丑牌,2025,,short,8.5,2025/7/12,神秘小丑牌觉醒异能，少年周客被迫卷入异能世界纷争！学院阴谋、圣主追杀，他能否凭借JOKER神牌逆袭成神？父母遇害真相又将如何揭开？,https://s3.suju.app/@xdj/50/HeG31/0.jpg,,柳甯
我本王者！只是低调,2025,,short,8,2025/7/9,全球第一赌神林夜，隐姓埋名却被豪门姐姐逼回家！身怀绝技的他，面对家族阴谋和各路挑衅，将如何逆袭，重回巅峰？豪门姐弟为何争相示好？,https://s3.suju.app/@xdj/44/W5raBG/0.jpg,,翟兆星
父爱折线图,2025,,short,8.5,2025/7/8,出狱即失婚，前浪子杨浪为见女儿被迫营业！黑历史缠身，工作爱情双双受阻。女儿一句“爸爸”，能否唤醒他沉睡的父爱？前妻归来，他又将如何抉择？,https://s3.suju.app/@xdj/46/zpZjL/0.jpg,,邓威
拳王之父子双龙,2025,,short,8,2025-07-06,唐昱曾是无敌的世界拳王天龙，因拒绝打假赛，被马兆丰指使黑龙暗杀，妻子因此丧生，他自己也断了腿，无奈隐于都市。十二年后，儿子唐哲为给父亲治腿，瞒着他去打黑拳，连连获胜却得罪了黑龙。在一场黑拳赛里，唐哲陷入绝境，唐昱为救儿子暴露实力，引出当年的凶手黑龙。一番激战后，唐昱打败黑龙，可麻烦并未结束。,https://images.tmdb.org/t/p/w342/lCX9vBYBEuuukpMXs5PXTYq9l0k.jpg,https://images.tmdb.org/t/p/w780/rTnEljsnWEoKRop7JNOReQh75wz.jpg,邓威
拳王之父子双龙,2025,,short,8,2025/7/6,拳王天龙遭暗算跌落谷底，为复仇隐忍蛰伏，十年磨一剑！昔日仇敌卷土重来，爱人深陷阴谋，他能否逆天改命，重夺荣耀，揭开幕后黑手的惊天阴谋？,https://s3.suju.app/@xdj/50/WLpK9x/0.jpg,,邓威
老祖在上，带全村致富,2025,,short,7.5,2025/7/5,神秘老祖林贤回归，带领落后林家村致富，意外拐来卧底记者柳如烟。铲平村庄？不存在的！看老祖如何装神弄鬼，最终带领全村飞升成仙！这究竟是道德的沦丧，还是人性的扭曲？,https://s3.suju.app/@xdj/50/Wd3jwc/0.jpg,,孔奇力
爸，公司上市了，你考试及格了吗,2025,,short,8.5,2025/7/4,周宇星与父亲周建诚同天生日，互有不满，在流星夜许愿后竟灵魂互换了！儿子职场上演少年老成的滑稽戏，父亲校园课堂里现老爹灵魂迷惑操作，在啼笑皆非的错位生活中，他们能否读懂彼此，找回亲情的温度，,https://image.tmdb.org/t/p/w500/aZ7Z4rfr2vWq4RiHts5ePj8axoV.jpg,,陈贤宇
美人为馅,2025,,short,8.5,2025/7/3,为了不连累自己的爱人，女人狠下心拒绝了男人的求婚，向他展示她其实是很物质的人，没想到男人却摇身一变变成了上市公司的总裁，两人的未来又要何去何从呢。,https://p3-novel-sign.byteimg.com/novel-pic/904fc7d1b4d6c6537865a1b1b4f5d7a9~tplv-resize:0:720.webp?lk3s=4a76a7c7&x-expires=1770383339&x-signature=irQsUSI5R1yrta4pXAF3iaJMvjQ%3D,,马士尧
绿色出行,2025,,short,8,2025/7/1,新婚夜遭背叛，林砚之惨死！重生归来，他能否识破妻子与表哥的阴谋，手刃仇人，守护公司？致命甜水背后，究竟隐藏着怎样的惊天秘密？,https://s3.suju.app/@xdj/43/nRTQk/0.jpg,,赵志盟
绝境时空之战,2025,,short,8,2025/6/29,2058年，林梦茶等七人被神秘系统拉入虚拟空间参加生死游戏，积分不足即死。反抗者被抹杀后，众人被迫遵守规则。废墟世界中，他们遭怪物袭击因积分分配生分歧，又经历《谁是伪人》《极限生存》等考验。《团队生死战》对抗东岛国小队时，陈百味、叶小满牺牲，众人取胜后得知这是未来人类培养超级战士的虚拟场，现实已被怪物侵蚀。林梦茶领悟生存意义，团队决定攒积分复活同伴，为回归与拯救未来而战。,https://p9-novel-sign.byteimg.com/novel-pic/7ee787ae1698d846b42021bb271e50c8~tplv-resize:0:720.webp?lk3s=4a76a7c7&x-expires=1775346217&x-signature=5z4SlXCw%2BZaHvp7GduThiA3gvDU%3D,,
让你养猪，你娶了顶头上司,2025,,short,7.5,2025/6/28,被顶替工作的陈木，被迫回乡养猪，却意外发现猪场老板竟是隐藏的亿万总裁？他能否逆袭人生，揭露弟弟的阴谋，收获爱情与事业？,https://s3.suju.app/@xdj/47/y620dE/0.jpg,,邓威
墨染梨花白,2025,,short,8.5,2025/6/27,沈墨与江梨青梅竹马，长大后因阴谋分离，沈墨成总裁回乡寻找江梨，二人经历重重误会与阴谋，最终重逢并揭开真相。,https://s3.suju.app/@xdj/18/VItAx/0.jpg,,白方文;朱茉颜
被开除这件小事,2025,,short,8,2025/6/25,打工人陈东升意外绑定“被开除”系统，只要被开除就能获得奖励！他一路披荆斩棘，从底层逆袭，最终迎娶白富美，走上人生巅峰？然而，这背后却隐藏着更大的阴谋…他能否守护住自己的爱情和事业？,https://s3.suju.app/@xdj/41/W4jwcv/0.jpg,,陈彦霖
周总每天都想官宣,2025,,short,8.5,2025/6/24,十年前的一场意外事故，让姜迎变成了孤儿，此后姜迎被首富周家收养，成年后与周家的花花公子周易结婚，周易婚后仍死性不改，天天与各种女星传出绯闻，都是姜迎出面收拾烂摊子。然而随着深入相处，姜迎发现周易并不如表面那样浪荡不羁，原来周易小时候曾和姜迎做过短暂的邻居，他之所以假装风流都是伪装，但随着两人感情日渐加深，姜迎却发现十年前害得自己家破人亡的，正是周家……,https://vpic-cover.puui.qpic.cn/l3545je18rj/l3545je18rj_1712762190_vt.jpg/720,,白方文
出渊,2025,,short,8,2025/6/23,叶凡在寻找失踪多年的儿子过程中，面对重重阻碍，通过自己的努力最终揭开真相，逆袭成功。,https://s3.suju.app/@xdj/17/QlmTl/0.jpg,,白方文
家里家外,2025,,short,9,2025/6/20,故事发生在20世纪80年代初的川渝地区，一场特大洪水给这片土地带来了深重的灾难。在救灾的过程中，单身父亲工程师陈海清遇到了墨水厂工人单亲妈妈蔡晓艳。两人因共同的信念和经历产生了深厚的感情，最终喜结良缘。婚后，这个重组家庭的家人们在时代的浪潮中相互扶持、相互尊重，共同书写了一系列充满信任和爱的温馨故事。,https://image.tmdb.org/t/p/w500/cEedWSBTKglZpuwmAPiT8n1WlUw.jpg,,王道铁
不要和陌生人结婚,2025,,short,8,2025/6/19,林雨珊重生复仇，揭露丈夫陆泽阳的阴谋，保护家人和公司。,https://s3.suju.app/@xdj/23/aN65R/0.jpg,,邓威
乡村神医混花都,2025,,short,8,2025/6/19,小村傻医宋钱，意外撞破桃花嫂子秘密，从此桃花运爆棚！逆袭之路开启，却也深陷情感漩涡，他能否守住本心，成就一番事业？,https://s3.suju.app/@xdj/48/QTUZn/0.jpg,,邓威
轻舟已过万重山,2025,,short,8,2025/6/19,一个普通项目主管如何在职场中逆袭,https://s3.suju.app/@xdj/29/WcbDFi/0.jpg,,白方文
一杆清台,2025,,short,7.5,2025/6/18,昔日弃少林争，靠一手出神入化的台球技艺，从外卖小哥逆袭成人生赢家！他能否解开苍龙七宿之谜？又将如何面对豪门千金和红颜知己们的爱恨纠葛？,https://s3.suju.app/@xdj/45/IWxz/0.jpg,,邓威
折他硬骨,2025,,short,8.5,2025/6/18,宋家接连遭遇怪事，疯癫千金姜郁身陷谜团。为复仇她装疯卖傻，步步为营。禁欲总裁贺敛深陷其中，甘愿被利用。真相背后，是爱是恨？她能否手刃仇敌，走出阴霾？,https://s3.suju.app/@xdj/48/WaKsTM/0.jpg,,白方文
都重生了，还谈什么恋爱啊,2025,,short,8.5,2025/6/18,一个被误解的年轻人，通过重生机会，用十年时间完成商业帝国的逆袭，改写命运,https://s3.suju.app/@xdj/29/XCUeZ/0.jpg,,白方文
永失我爱,2025,,short,8.5,2025/6/17,某天，林欣目睹了张英俊的灾难性相亲现场，忍不住与张英俊有了第一次交流并意外发现彼此都在同一个大学里。因此有了更多的接触和了解并渐渐产生了好感。张英俊鼓足勇气向林欣表白，林欣沉默迟疑了很久很久，只答应一起去看烟花。,https://p6-novel-sign.byteimg.com/novel-pic/17edae781fec01b759d15cb3dfe1922c~tplv-resize:0:720.webp?lk3s=4a76a7c7&x-expires=1770343810&x-signature=q0i04B%2Bnpi%2BJwpeEykQCJ6dc3Xk%3D,,吴明宇
垂死反击,2025,,short,8,2025/6/15,重病的凌飞意外发现妻子不但有了外遇，更是为了霸占全部遗产，二人竟还要卖掉自己的女儿。但此时凌飞的寿命仅剩一个月，凌飞必须要在自己生命的仅剩时间内，设局让二人彻底从女儿的世界里消失。,content://com.android.providers.media.documents/document/image%3A1000117449,,吴明宇
逃婚后，傅夫人的马甲掉了,2025,,short,8,2025/6/14,苏雨眠和傅南城有娃娃亲但不曾见面，苏雨眠因外界传言逃婚。恰逢傅南城是空降总裁，两人在公司相遇，欢喜冤家经历危机逐渐产生感情，最后在傅南城爷爷的助攻下，联合打倒顶替苏雨眠身份的白芊芊，幸福地生活在一起。,https://p9-novel-sign.byteimg.com/novel-pic/9d257b828f0af6c62b230f61ef5ec1ec~tplv-resize:0:720.webp?lk3s=4a76a7c7&x-expires=1768279424&x-signature=Zv%2F4SPuQMTfyJhCDeUWcUWnhiGY%3D,,吴明宇
断绝关系后，三个哥哥求我原谅,2025,,short,6.5,2025/6/13,为救大哥顶罪入狱的养女,https://s3.suju.app/@xdj/28/ditkZ/0.jpg,,吴明宇;黄健
双面谜局,2025,,short,8.5,2025/6/12,林霜与男友傅廷川交往五年，却惨遭其毒手，命丧黄泉，不仅如此，傅廷川还狠心陷害她的弟弟傅廷深入狱。然而，林霜奇迹般生还，此后她化名司晚意，怀着满腔仇恨潜伏进傅氏集团。在那里，她凭借智慧与勇气，与傅廷川及其得力手下韩晋、未婚妻赵婉儿展开一场惊心动魄的智斗，历经波折，终于成功扳倒傅廷川。可正当她以为一切都已尘埃落定时，却惊觉背后隐藏着一个更为惊人的阴谋。,https://p6-novel-sign.byteimg.com/novel-pic/d5e8155e5834f5bbe8667a2540d99fd7~tplv-resize:0:720.webp?lk3s=4a76a7c7&x-expires=1770343756&x-signature=zei%2BIPlg1J%2BJgkIJL3RM1NPyF5A%3D,,吴明宇
在澳门念书的女儿回村了,2025,,short,8.5,2025-06-11,在澳门念书的周有悔放假回村，发现父亲遭同村人灌醉设局欠下巨债，爷爷和父亲还被欺辱，房子将被强占。她打破对亡母誓言，用千术赢下赌局，还意外得知母亲去世真相，遂踏上复仇之路，最终伸张正义。,https://images.tmdb.org/t/p/w342/x6JYjOyOjfZZkMExKmX5x6XTMX3.jpg,https://images.tmdb.org/t/p/w780/64XHvwqDCowAWbCS1XdvWBUaopE.jpg,
蚀骨婚情：顾总夫人不好惹,2025,,short,8,2025/6/11,三年前，苏颜被推下悬崖导致肾衰竭，失去了当母亲的机会。顾以琛坚信苏然是凶手，对她恨之入骨，为了拯救苏颜的生命，顾以琛要苏然进行肾脏移植手术。苏然虽然极力辩解自己并未推苏颜，但顾以琛已经被仇恨蒙蔽了双眼，完全听不进去她的解释。,https://p3-reading-sign.fqnovelpic.com/novel-pic/95f53925050ccc768114572708b51dd8~tplv-snk2bdmkp8-super-reso-double-5-v2:1200:0.image?lk3s=ae45642e&x-expires=1770377206&x-signature=wd9W06%2B5sljeeDjVk%2BV6CbPQ9Xg%3D,,孔奇力
腹黑宝宝,2025,,short,8,2025/6/10,乔汐因误会失去了最好的朋友小柔，同时也失去了爱人慕天朗。五年后，乔汐决定找回属于自己的一切，展开了一场复仇之战。在这个过程中，她也逐渐明白了真相，找回了真爱。,https://s3.suju.app/@xdj/11/WbcOdv/0.jpg,,孔奇力
逃生游戏,2025,,short,8,2025/6/7,叶凡获得能看到人寿命的能力，揭开一系列死亡谜团，最终破解诅咒。,https://s3.suju.app/@xdj/21/oICkH/0.jpg,,孔奇力
回村后我被全网直播了,2025,,short,6.5,2025/6/5,富二代陈子豪回乡订婚,https://s3.suju.app/@xdj/31/Wz58sQ/0.jpg,,孔奇力
淬火,2025,,short,8,2025/6/4,五年隐忍，他从底层逆袭成豪门总裁！当身份揭晓，前妻后悔痛哭，他却已心如止水。身患绝症的他，又将如何面对亲情、爱情与复仇？,https://s3.suju.app/@xdj/39/7BGil/0.jpg,,孔奇力
神医的醒悟,2025,,short,7.5,2025/6/3,外科医生陈华被副主任朱有良与患者家属徐丽丽合谋陷害，换氧杀人后蒙冤入狱，右手致残含恨而终。重生回手术前十分钟，他锁定朱有良调换氧气面罩的致命动作，联合实习生小张取证，步步拆穿阴谋。当警报响起，患者苏醒，朱有良的冷汗与徐丽丽的伪证链接连崩塌，却牵出更深的医疗黑幕。这场以手术刀为刃的重生复仇，在生死倒计时中剖开人性与权力的血腥真相。,https://p3-reading-sign.fqnovelpic.com/novel-pic/62ff8cae1f3c6f34985306abb7ae25dd~tplv-snk2bdmkp8-super-reso-double-5-v2:1200:0.image?lk3s=ae45642e&x-expires=1770377247&x-signature=nfbMwMkITVesRK4%2BmgcmC7r9wfA%3D,,孔奇力
大庆第一帝,2025,,short,8,2025/6/2,庆帝李钰，励精图治，带领国家走向富强，怎料太上皇领匈奴攻破城门，李钰被迫害致死。 然而上天有好生之德，时间倒流让李钰有再来一次的机会，那就先解内忧，再除外患，天子守国门，君王死社稷！,https://image.tmdb.org/t/p/w500/hj6G6xzOSQKG4GxHTXrGNrYQXo3.jpg,,孔奇力
破产五年后美女老板找上我,2025,,short,8.5,2025/6/1,江城陆氏集团破产，陆轻舟辍学消失。五年后与首富的初恋苏轻瑶偶遇，二人因误会互相猜忌。后经历波折，反派出现致集团危机，萌娃参与，冷月查出真相，最终误会解开，陆苏和好，穆韶华成孩子干妈，三人幸福生活。,https://p3-novel-sign.byteimg.com/novel-pic/a83d5491e3310b1cae39bf2829219202~tplv-resize:0:720.webp?lk3s=4a76a7c7&x-expires=1769583554&x-signature=%2F3HQu%2BHsEN5aM7%2F95IqM%2BLf%2BDVM%3D,,吴明宇
二十九,2025,,short,8.5,2025/5/31,年轻的袁裴在都市中经历爱与挫折，在朋友与家人的支持下，逐步成长并实现梦想。,https://s3.suju.app/@xdj/20/6d2YM/0.jpg,,杨蓉
我有爱人了,2025,,short,8,2025/5/30,妻子白荷在丈夫厉景渊的冷漠与背叛中艰难维权，揭露家族阴谋，为子复仇的故事。,https://s3.suju.app/@xdj/18/WFrwsa/0.jpg,,孔奇力
沈小姐她真的不爱了,2025,,short,8.5,2025/5/30,沈抒绮意外穿入电视剧，从原剧本的悲情女配逆袭为掌控命运的女王。面对陆砚晟的绝情和沈初眠的算计，沈抒绮凭借预知剧情，智斗渣男，潇洒离职，更与商业大亨祁煜携手，不仅在商战中大展拳脚，更谱写了浪漫新篇章。,https://p3-novel-sign.byteimg.com/novel-pic/bf4961700da661040f9397255c3687f9~tplv-resize:0:720.webp?lk3s=4a76a7c7&x-expires=1770198700&x-signature=KJy8Kl2ln2tbS6bbeCkBZ3bHI%2BE%3D,,王凯沐;吴明宇
双生风云,2025,,short,8,2025-05-29,池远山在麒麟集团会客厅中遭遇背叛身亡，池宴和池渊在混乱中逃生并发誓为家族复仇。20年后，池宴开始实施复仇计划，经过一系列事件后，兄弟二人重逢并成功复仇。,https://images.tmdb.org/t/p/w342/29ISZpeYRCAQhF03aaSdz2PscJt.jpg,https://images.tmdb.org/t/p/w780/6dP3D1WCkT3bRgOXSgnJE3zN3aH.jpg,金佳遇;田杨
任意妄想,2025,,short,8,2025/5/29,一场精心策划的接近，她步步为营只为复仇。当真相浮出水面，爱恨交织，她又该如何抉择？豪门恩怨，爱恨情仇，谁才是最终赢家？,https://s3.suju.app/@xdj/47/Wao4nu/0.jpg,,哲博
再次告白,2025,,short,9,2025/5/27,美艳活泼的小网红苏念意家中突发大火，危急时刻，消防员队长沈知南带领队员及时赶到救援。苏念意抬眼间，对身姿挺拔、英勇无畏的沈知南一见钟情。此后，她满心满眼都是这位英雄，毫不犹豫地制定了一个 “攻陷沈知南计划”，就此踏上勇敢追爱的漫漫征途。,https://www.shanhuzs.com/upload/vod/20250112-1/a65a6c4ae6fa6b206215cd1625deedd0.jpg,,吴明宇
我，最强毒士，女帝直呼活阎王,2024,,short,8,2025-05-26,一代奸商高阳，遭人暗算，不幸陨落，却奇迹般穿越至大乾王朝，恰逢女帝初登大宝，广开才路，招贤纳士。他，本为牺牲品，却阴差阳错揭下皇榜，摇身一变，成为惊世毒士，横空出世！他智计无双，平抑粮价解民困，击退强楚安国邦，削藩削权固中央，更诛荣亲王以儆效尤。岁月流转，他步步为营，平定七国纷乱，实现书同文、车同轨之伟业，最终辅佐女帝，共铸盛世，自己亦登上人生之巅，成就非凡传奇！,https://images.tmdb.org/t/p/w342/t1xEOcf2SeewvbXBhbmphfjYBhB.jpg,,孔奇力
荒年全村啃树皮，我有系统满仓肉,2025,,short,9,2025/5/26,现代女强人穿越古代成恶毒婆婆，面对四个孝顺儿子和嗷嗷待哺的家庭，看她如何利用系统，从荒年求生到带领全村致富，洗白人设，最终赢得幸福？,https://gimg2.baidu.com/gimg/src=https%3A%2F%2Fwangwangzyimg.com%2Fupload%2Fvod%2F20250510-1%2F6a514f7a914f1f423270dc5b2230599d.jpg&app=2028,,郭静
时停千年：我被困在同一天,2025,,short,8.5,2025/5/25,男主被困时间循环，每天重置！为攻略江城第一美人李若冰，他用尽手段，豪门千金、地头蛇纷纷入局。他能否打破死局，赢得美人芳心？时间循环的真相又是什么？,https://s3.suju.app/@xdj/47/HfkTY/0.jpg,,彭羽
歌神出山,2025,,short,7.5,2025/5/24,歌神骆良遭爱徒雨晴背叛，被指抄袭陨落歌坛。多年后，他携新徒许子兮重返舞台，雨晴为阻其翻身，不惜一切代价。师徒反目，真相迷雾重重，歌神能否逆风翻盘？,https://s3.suju.app/@xdj/45/w9iWh/0.jpg,,孔奇力
蓄意占有,2025,,short,8,2025/5/24,一场纠缠不清的复仇与情网，谁才是真正的猎手和猎物？命运如何捉弄着每一个人？,https://gimg2.baidu.com/gimg/src=https%3A%2F%2Fwangwangzyimg.com%2Fupload%2Fvod%2F20250107-1%2F103f2b31e8e2e9aa0ca7c11952d78ec8.jpg&app=2028,,王奕然;哲博
甜妻入怀权爷求上位,2025,,short,9,2025/5/23,慕如星为了筹钱去酒吧当服务员，意外与权修言发生了关系并怀孕。 之后，慕如星的家人逼她堕胎并进厂工作，甚至对她动手。 权修言得知后赶到现场，两人迅速结婚。 婚后，权修言对慕如星百般呵护，而慕如星也在他的陪伴下不断成长，开始整顿豪门。,https://image.tmdb.org/t/p/w500/8L4aKo8huDfh2D4oJNfHLyEqBai.jpg,,孔奇力
白式千金不好惹,2025,,short,7.5,2025/5/23,白若宁身为白式集团的千金和唯一继承人，却下嫁林家，甘愿在家做贤妻良母。却没想到被冒领对丈夫林穆尘救命之恩的沈嘉礼恶意欺辱，并在林穆尘的强迫下成为沈嘉礼的移动血库…如今她化身亿万女王强势归来，定要叫曾经欺负她的人知道她有多不好惹。,https://p6-novel-sign.byteimg.com/novel-pic/5d3a6d2ba377395f9a82f5b006f395a6~tplv-resize:0:720.webp?lk3s=4a76a7c7&x-expires=1769508721&x-signature=DE%2FzPEM59Y1hJJbk8rqN6YVGAgY%3D,,吴明宇
大上海之一生所爱,2024,,short,8.5,2025-05-22,30年前，林枭与母亲被追杀，与双胞胎哥哥顾云深失散，流落海外。 母亲去世后，为了完成母亲的遗愿，加入“狼群”，并在这里遇到了教官舒雅。 两人相识相爱，但是最终在一次任务中，舒雅为了救林枭中枪。 林枭悲痛万分，却不知道自己心爱之人并没有死亡。 随后林枭依照母亲遗愿回到上海，与哥哥顾云深见面，并与顾云深计划瞒天过海找出当年追杀母亲的元凶。,https://images.tmdb.org/t/p/w342/gmzWSoVyBhNx51h7smfCdBvKhrx.jpg,https://images.tmdb.org/t/p/w780/oLX2XKIFb7KdTuzpB7CLPoUZWQI.jpg,孔奇力;张紫淋
风起上海滩,2025,,short,8.5,2025-05-22,张六一与程程相识并坠入爱河。 然而杜先生垂涎程程的美貌，欲强行将她带走。 张六一挺身而出，成功保护了程程，这一举动让让他与杜先生结下了梁子。 随后展开了一系列英雄救美的故事。,https://images.tmdb.org/t/p/w342/qwdrnmzWowVrRt7SPiWvooa12tz.jpg,https://images.tmdb.org/t/p/w780/hz4l9pWnbulUH8aDQ3mrfPNE5bI.jpg,邓威;曹千祎
偷生双胞胎，被豪门老公掐腰狂宠,2025,,short,8.5,2025/5/22,沈音音是豪门千金，失去记忆,content://com.android.providers.media.documents/document/image%3A1000117446,,孔奇力
女儿重生劝我梭哈虚拟币,2025,,short,8,2025/5/22,女儿重生，带父亲逆袭复仇，投资虚拟币成首富。,https://s3.suju.app/@xdj/20/y3ruVV/0.jpg,,孔奇力
拐个总裁回家,2025,,short,8,2025/5/22,网上租男友?总裁玩儿心大起,https://p6-novel-sign.byteimg.com/novel-pic/1be4f652b04347d8989380ea34259599~tplv-resize:0:720.webp?lk3s=4a76a7c7&x-expires=1769348071&x-signature=UWCVdZmwp2rLOXxp3lBLmRMUBD8%3D,,
风起上海滩,2025,,short,8.5,2025/5/22,上海滩风云突变，少帅张六一为爱不惜与青帮杜先生为敌，枪指恶霸！他能否在权势倾轧中守护爱人？程程又将如何抉择？少帅最终能否放下一切，与爱人归隐田园？,https://s3.suju.app/@xdj/41/W3Kkp4/0.jpg,,邓威
不要相信鳄鱼的眼泪,2025,,short,8,2025/5/21,安嘉铭是一个掌控欲极强的十足暴力狂，妻子陶璃经常遭受他的家暴，无数次的拳脚相向，陶璃都在生死边缘挣扎。经过九死一生，陶璃看清了安嘉铭的虚伪面目，拼尽全力收集证据，通过努力将安嘉铭送进牢里，而自己最后也逃出牢笼，重获新生。,content://com.android.providers.media.documents/document/image%3A1000117455,,赵龙
执他之手,2024,,short,9.5,2025-05-20,她重生到了1976年，她背着自己的小包袱下乡投奔自己的“老公”。此时的谢怀清寄人篱下，性格还凶巴巴的。她坚定了要改变老公命运的决心！于是这位成分不好的小混混，天天被城里来的知情姑娘倒追，每天想方设法跟在他屁股后面！,https://images.tmdb.org/t/p/w342/2OjO0qMOhN0LTG6CjoLgcRjhZaR.jpg,https://images.tmdb.org/t/p/w780/pmxzwY86BEHRDdtTcvGMljxmXTo.jpg,孔奇力;孙芊浔
全世界最爱我的她,2025,,short,8.5,2025/5/20,该剧讲述了祁鲸落在与丈夫肖叙的结婚五周年庆典上，遭遇惊天变故。同父异母的妹妹祁彤彤大闹现场，诬陷她抢走未婚夫，混乱中祁鲸落被推倒，不幸流产。更让她绝望的是，肖叙竟抱着祁彤彤决然离去。深受重创的祁鲸落，心灰意冷选择离婚，甚至试图轻生。好在命运转折，她凭借自身智慧和毅力投身事业，努力站稳脚跟。而肖叙在她离开后，才惊觉生活处处都是她的付出，如梦初醒的他，开启艰难追妻之路的故事。,https://image.tmdb.org/t/p/w500/kbP6eu7HXAMIh2K91D1QdfDLJzH.jpg,,刘萧旭
茅山打更人,2025,,short,8,2025/5/20,本片讲述了清末民初千安镇许氏家族大少爷许松，从地狱之门拾回残命，历经至亲尽失，削骨易容之痛。化身打更人毛小山回到千安镇。此时千安镇内恐怖事件频发，誓要报这血海深仇的他，面对曾经有婚约的爱人和挚友，只能默默隐忍着一切。荒冢的阴森恐怖，老宅的幽暗凄凉，洞穴的诡异气氛，都让毛小山在探寻真相的道路上举步维艰！但他没有因此退缩，并以惊人的胆魄逐渐拨开迷雾。在生命受到威胁的关键时刻，他以茅山三年苦修之功掀起血影惊涛，手刃仇人的同时，也洗去了至亲冤魂的污名。,https://media.themoviedb.org/t/p/w440_and_h660_face/g9DbLROwbzqM98MdHAEO1tsz27f.jpg,,孔奇力
执他之手,2025,,short,9.5,2025/5/20,楚念瑶重生回到1976年，誓要改变命运，早日找到真爱谢怀清，并与背叛者复仇。,https://s3.suju.app/@xdj/23/WDqpdf/0.jpg,,孔奇力
最爱她的我,2025,,short,8,2025/5/19,错爱五年，霸总秦渊终失所爱！重生归来，他能否弥补前世遗憾，追回挚爱皓月？当一切真相浮出水面，他又将如何面对曾经的伤害与错过？,https://s3.suju.app/@xdj/46/Wi05mV/0.jpg,,孔奇力
至尊魔镜战神,2025,,short,8.5,2025/5/18,薛岩偶遇神秘魔镜，从此开启逆袭复仇之路，揭示都市权谋与奇幻之谜。,https://p6-novel-sign.byteimg.com/novel-pic/5ba7fae02307e0fe8d1d2fbb475162da~tplv-resize:0:720.webp?lk3s=4a76a7c7&x-expires=1770343432&x-signature=Iuhg%2BHiYtGLrhLQGBA8vXjlu1%2BQ%3D,,孔奇力
境外逃生困兽,2025,,short,8.5,2025/5/15,南伽诈骗集团总部内，程序员张辉被发小刘广生以高薪工作骗入魔窟，发现这里竟是器官贩卖与技术诈骗交织的犯罪帝国。集团二把手李敬宇用刘广生性命要挟张辉修复核心，而张辉意外重逢初恋杜小美这个将贫困大学生桃子诱入火坑的反将。当张辉目睹刘广生因逃跑惨死，暗中联合杜小美、桃子策划逃亡。三人借庆功宴制造混乱，张辉更设计离间李氏兄弟。,https://s3.suju.app/@xdj/38/auS1K/0.jpg,,哲博;李永鑫
人间至味是清欢,2025,,short,9,2025/5/14,一碗鸡丝粥改变命运，厨艺奇才如何在职场逆袭，最终赢得爱情与荣耀？,https://s3.suju.app/@xdj/28/V8duo/0.jpg,,张韫韬
千局神算,2025,,short,8.5,2025/5/12,秦枫的父亲是赌鬼，五岁时在一场赌局中，把他输在了东南亚唐人街凤凰赌场，从那以后跟着仇人养父长大。 不仅生存环境艰难，动辄就是毒打，还要学习各种千术替仇人卖命。 长大后的秦枫凭借超强计算能力的特异功能和精湛的千术,https://s3.suju.app/@xdj/44/yCVqFB/0.jpg,,刘擎
人生若只如初见,2025,,short,8,2025/5/11,秦萱怀孕后张恒求婚，秦萱因家族反对犹豫，张恒承诺相伴，秦萱被打动而接受。婚后秦萱遭张恒母亲刘兰刁难，赵雨珊的出现也让她误会张恒变心。张恒安抚秦萱并劝母亲接受，刘兰却态度坚决。秦萱展现坚韧智慧，努力融入张家。最终，张恒和秦萱的坚持感动刘兰。,https://p3-reading-sign.fqnovelpic.com/novel-pic/27bead7635a3c4630559fe7b1e91dffb~tplv-snk2bdmkp8-super-reso-double-5-v2:1200:0.image?lk3s=ae45642e&x-expires=1770377282&x-signature=PBUIZ19SX2LEo5J1PViOlcJWzTs%3D,,邓威
盛宴,2025,,short,8,2025/5/10,叶辰的爷爷叶问天用秘术封印了八大隐世豪门继承人的记忆。叶辰的父母由于不遵守豪门祖训，被叶问天派人杀死。为了向爷爷报仇，叶辰带领七个刚认识的朋友，默默发育，终于在五年前来到了大夏顶点，复仇的火焰已经冉冉升起……,https://p3-reading-sign.fqnovelpic.com/novel-pic/0f08fa1d34edb13390205a5101a11179~tplv-snk2bdmkp8-super-reso-double-5-v2:1200:0.image?lk3s=ae45642e&x-expires=1770377319&x-signature=daaev%2B01W9guGS5gst%2F5eB%2FnJHo%3D,,邓威
午夜公交车,2025,,short,8,2025/5/8,一年前那场惨烈的车祸后，十四路公交车仿佛被阴霾笼罩，在接连三位司机神秘失踪后，司机间关于14路公交车“闹鬼”的流言甚嚣尘上。急需筹钱给母亲做肝移植的张寒，咬咬牙预支了三个月工资，接过了14路的公交车钥匙。首班出车那晚，他注意到百般引诱自己下车的两姐妹，后遇到黑狗拦路，经过一系列怪事后他觉察出，有人正借着“闹鬼”的幌子掩盖犯罪的事实，而男主的真实身份也浮出水面。,https://p9-novel-sign.byteimg.com/novel-pic/de99b960b39bf0df89db1199cf28b5fc~tplv-resize:0:720.webp?lk3s=4a76a7c7&x-expires=1769691699&x-signature=1l3T5HehTNYCwJ1toh244MLGmuY%3D,,宋骏
我能对话万物，美女助我逆袭,2025,,short,8,2025/5/7,惨遭爆头，屌丝白小飞竟意外觉醒与万物对话的超能力！欠下巨额阎王贷的他，如何利用这项逆天能力，逆袭人生，走上巅峰？,https://s3.suju.app/@xdj/46/yDano9/0.jpg,,邓威
绝命航班,2025,,short,7.5,2025/5/6,林修宇陷入飞机爆炸的时间循环，拼尽全力阻止灾难，同时解开一系列阴谋，最终逆袭成功并收获爱情。,https://s3.suju.app/@xdj/21/WeQGc8/0.jpg,,邓威
全球通告末日将至,2025,,short,8,2025/5/5,全球天灾每月更新，末日降临！重生归来的陈阿生，能否改写妹妹惨死的命运？他又将如何利用先知，在绝望中杀出一条血路，让人类在末日中生存下去？,https://s3.suju.app/@xdj/41/Wylkjj/0.jpg,,邓威
爱与罚,2025,,short,8,2025/5/4,女孩静静在火灾中与家人失散，后被豪门收养，面对家族纷争与复仇，她走上成长与逆袭之路。,https://s3.suju.app/@xdj/20/WhzHs3/0.jpg,,邓威
霍爷家的小祖宗甜又野,2025,,short,8,2025/5/2,云倾复仇豪门，甜宠霍景深，揭开惊天秘密。,https://s3.suju.app/@xdj/18/QOnLY/0.jpg,,孔奇力
一胎五宝凌太太的马甲又掉了,2025,,short,8,2025/5/1,神医萧鸢涅槃重生，携五胞胎复仇，豪门逆袭，甜蜜复仇双收。,https://s3.suju.app/@xdj/17/qFwy7/0.jpg,,孔奇力
逆流成金,2025,,short,8.5,2025/4/30,首富陈浩一觉醒来回到1995年被逼还钱的那一天，家里穷困潦倒，望着妻女失望的目光，他誓要让她们过上幸福的生活。陈浩利用上一世在生意场上积累的经验，靠卖矿泉水赚得第一桶金，还清了欠款，同时结交了许多生意伙伴，他与几人合作共赢，在生意场上风生水起。买回了曾经因缺钱被卖掉的房子，还暗中帮助妻子解决了工作上的问题，妻子渐渐对他改观，原谅了他曾经的无所事事，一家三口从此过上幸福的生活。,https://p6-novel-sign.byteimg.com/novel-pic/effafc3146ae8b8d2589be4ddefc00d6~tplv-resize:0:720.webp?lk3s=4a76a7c7&x-expires=1774744986&x-signature=sIkx7ocIjC7KjYucb%2FApQBibOjo%3D,,孔奇力
寒门贵子,2025,,short,8,2025/4/29,杨浩爱老婆爱到愿意为小舅子捐肾，却不想自己看错人，被老婆一家迫害致死。身死之后，他意外重生到了2008年。这一世，杨浩早已经看透了人心，一心一意只爱上一世辜负的学姐王琳，并靠着信息差一步步建立起了自己的商业帝国，成为了这颗星球上数一数二的人物。,https://p3-novel-sign.byteimg.com/novel-pic/2750fc908be96bddaf6746bb5b685185~tplv-resize:0:720.webp?lk3s=4a76a7c7&x-expires=1772950696&x-signature=VqWrSZckXfSxNHwDot38xwhnr3c%3D,,孔奇力
南国池月,2025,,short,8,2025/4/28,贵为一城之主的无上尊者萧炎，为重新分配江城产业蛋糕隐姓埋名混入各大家族斗争之中，不想恶霸们有眼无珠，误把尊者当乞丐，最终迎来尊者的狠狠暴击。,content://com.android.providers.media.documents/document/image%3A1000118104,,白方文
化龙,2025,,short,8,2025/4/27,快递员沈迟真实身份揭晓后，携手妻子苏清月逆袭商界，重掌云雀国际。,https://gimg2.baidu.com/gimg/src=https%3A%2F%2Fwangwangzyimg.com%2Fupload%2Fvod%2F20240721-2%2Fdf7e35b13426e35ce5a1830bae5cdd58.jpg&app=2028,,白方文
重生90之有娘便有家,2025,,short,8,2025/4/24,苏瓷重生90年代，逆袭复仇，摆脱家庭束缚，开启新人生。,https://s3.suju.app/@xdj/22/WjNglG/0.jpg,,孔奇力;赵英男
枭宠,2025,,short,8,2025/4/23,锦绣阁大小姐方思雪遭未婚夫张桥与丫鬟背叛，父亲更是遭张桥陷害入狱，为拯救父亲和锦绣阁，方思雪不得不去寻求南城督军墨霆云的帮助，多次因缘际会，方思雪与墨霆云情愫渐生，开展一段甜虐交织的故事。,https://s3.suju.app/@xdj/24/VPDP7/0.jpg,,张志伟
正在修改中,2025,,short,8.5,2025/4/22,社畜穿书成恶毒女配，为改惨死结局，怒改剧情！狂撩反派，狂刷好感，却不料剧情失控，意外开启团宠模式？女主男主纷纷倒戈，她该如何抉择？,https://s3.suju.app/@xdj/44/L8XPZ/0.jpg,,魏佳宁
恃宠生娇,2025,,short,8,2025/4/21,现代影后慕清予长相甜美，性格机敏、果敢、善于伪装演戏。有一天穿越成为民国富商慕家二小姐，因外公曾帮过大帅，于是自幼与少帅订下娃娃亲。慕清予穿越过来时陷入被继母和妹妹迫害的困境，卖傻装瞎机智化解眼前麻烦，并和隐瞒身份的未婚夫少帅纠缠上，两人共同经历许多困难和生死考验后终于幸福地在一起。,https://p9-novel-sign.byteimg.com/novel-pic/30b858025d71fde035e97b39319c1e35~tplv-resize:0:720.webp?lk3s=4a76a7c7&x-expires=1768375957&x-signature=1jnyXil%2B4fJYyL%2BpVccHTwdWk3s%3D,,朱茉颜
我的大佬是财神,2025,,short,8,2025/4/20,,https://s3.suju.app/@xdj/27/WMiPEX/0.jpg,,蔡一帆
蜜桃乌龙,2025,,short,8,2025/4/19,,https://s3.suju.app/@xdj/49/9cgg8/0.jpg,,王彦鑫
当你沉睡时,2025,,short,8,2025/4/17,沈清通过预知梦试图改变悲剧命运，与李燃携手揭开真相，拯救众人。,https://s3.suju.app/@xdj/20/XH2Gj/0.jpg,,孔奇力
一觉醒来我嫁给反派大佬,2025,,short,8.5,2025/4/16,沈棠在订婚当天意外重生，决心改写悲剧命运。她巧妙设计，揭露前男友萧逸和妹妹沈黎的阴谋，同时发现真爱萧行一直默默守护。面对家族威胁和重重阻碍，沈棠运用智慧与勇气，不仅成功保护自己和家族利益，更坚定地与萧行携手共进。然而，当过去的阴影再次笼罩，沈棠又该怎样面对呢？,https://s3.suju.app/@xdj/25/yjo0E5/0.jpg,,蔡一帆
神秘窥视,2025,,short,8,2025/4/15,,https://s3.suju.app/@xdj/45/WuLpzJ/0.jpg,,余茵
双生风云,2025,,short,8,2025/4/14,双胞胎兄弟阴差阳错各自成长,https://s3.suju.app/@xdj/31/WbMY38/0.jpg,,金佳遇
渴,2025,,short,8,2025/4/10,龙女芊芊为拯救干旱村庄化身人形，却遭遇绑架献祭阴谋。她如何揭露真相、惩治恶人？与人类男友的感情又将何去何从？,https://s3.suju.app/@xdj/32/ZcewT/0.jpg,,孔奇力
封门,2025,,short,9,2025/4/9,私家侦探陆阳揭开封门村神秘死亡事件，遭遇阴阳诡事，真相令人震惊。,https://p3-novel-sign.byteimg.com/novel-pic/fec05a54fc30a3549991cb4b00e90b7f~tplv-resize:0:720.webp?lk3s=4a76a7c7&x-expires=1769580894&x-signature=SDJqxl5Pohetr5vBsIobGJ%2FqPYs%3D,,孔奇力
我，最强毒士，女帝直呼活阎王,2025,,short,8,2025/4/8,现代金融天才高阳穿越古代，凭借智慧和毒计逆袭成为女帝的得力助手，展开一场权谋与复仇的精彩对决。,https://s3.suju.app/@xdj/23/rtc39/0.jpg,,孔奇力
隐蔽的世界之秋蝉,2025,,short,8.5,2025/4/5,《隐蔽的世界之秋蝉》改编自赖继的同名小说，根据隐蔽战线英雄人物的经历而创作。讲述我党人员在极限时间段内，用生命层层掩护，突破敌人封锁，将具有重要战略意义的海图获取并转运出来的故事。,https://image.tmdb.org/t/p/w500/hAILhL5KJupeBeVVB0qYL8F26fQ.jpg,,王浩信
大上海之一生所爱,2025,,short,8.5,2025/4/3,林枭与舒雅战场生死相许，却因命运被迫复仇，在风云变幻的上海滩替身复仇，揭开惊天阴谋。,https://s3.suju.app/@xdj/19/mxjEa/0.jpg,,孔奇力
上海滩之龙凤会,2025,,short,8,2025/4/2,陈锋为救爱人苏小婉穿越到上海滩，卷入帮派斗争，誓要守护爱人并复仇。,https://s3.suju.app/@xdj/16/WRiBXm/0.jpg,,孔奇力
童话故事下集,2025,,tv,8.5,2025/2/13,林宜玲与公婆同住三年，每七天就动一次离婚的念头。她想搬出去，偏偏老公曾学友是个妈宝，搬出去比登天还难。生活有够郁闷，但她总在紧要关头发现可恨的老公还有可爱之处，陷入“想搬搬不走，想离离不了”的泥沼。后来，她意外在交友软件上遇见灵魂伴侣，子宫却在这时“想生了”，让她的人生围绕在精神出轨和婚姻家庭的矛盾之间。,https://image.tmdb.org/t/p/w500/geYJPDsELBNdZlAxORR7IKxb8Dm.jpg,,柯佳嬿;刘以豪;傅孟柏
731,2025,,movie,7.5,2025/1/1,1945年抗战胜利前夕，侵华日军第七三一部队在哈尔滨平房区以“给水防疫”为名，秘密进行惨无人道的细菌战研究，大肆抓捕平民进行活体实验，妄图以此扭转败局。小贩王永章等人被强行抓入“特设监狱”，日军以“配合健康检查与防疫研究即可换取自由”的虚伪承诺，欺骗他们遭受冻伤实验、毒气实验、活体解剖等极端折磨……,https://media.themoviedb.org/t/p/w440_and_h660_face/e53iGvxG7ebdJP6GE3x1JI1744z.jpg,,姜武;王志文;李乃文
忘了我记得,2025,,tv,8.5,2025/1/1,剧情聚焦于关于每个家中，常会潜意识选择“忘记”，但却深耕心底“记得”的又哭又笑的故事。程乐乐（谢盈萱 饰）是一位脱口秀演员兼职便利商店店员，过着日复一日工作的平凡生活，她也有她的人生愿望，却没想到人生考验接连而来。除了和丈夫张凯（霍建华 饰）陷入婚姻困境，更面临与父亲程光齐（秦汉 饰）的种种问题 。一次误打误撞，乐乐站上脱口秀舞台，开始了脱口秀演员生涯。这一连串的意外让乐乐鼓起勇气，在工作与生活中，打破重构了自己和至亲、恋人、朋友的关系。,https://image.tmdb.org/t/p/w500/z2w9BOQDmE7waIqxXJwQarTvsuN.jpg,,谢盈萱;秦汉;周采诗
返校,2025,,movie,8.5,2024/10/2,1962年，正逢台湾戒严时期，山区一座名为翠华中学的校园里，高三女生方芮欣，因为面对家庭及学校问题而接受了辅导老师张明晖的心理辅导，两人也意外产生了感情。张老师追求自由，秘密开了一个读书会，和尹老师和高二男生魏仲廷研读禁书…  一日，张老师突然失踪。夜晚，方芮欣和魏仲廷，在暴雨中空无一人的校园苏醒，被困在了学校。他们尝试逃出和寻找失踪的张老师，但是却发现，学校的各种事物与场景，都有着不为人知、深埋已久的历史背景故事。在这个鬼魅横行的学校里，他们被迫面对恐怖的真相。他们能够存活吗？,https://image.tmdb.org/t/p/w500/uMgiuUqDN6VDOUV0vYJTkpz4kmm.jpg,,王净;傅孟柏;曾敬骅
范保德,2025,,movie,8.5,2024/9/26,一阵剧痛，让一向硬朗的范保德惊觉身体不敌岁月。一阵炮竹，旅社老板娘毓琴宣告投入里长选战，和范保德一家打对台。选情升温，病情烦心，许多往事随之自范保德的记忆深处唤醒。也或许因死亡逼近，他决定和儿子前往日本打听离家五十载的父亲音讯。另一方面，毓琴找来香港的侄子帮忙竞选，仅管人生地不熟，但这里和他似乎也有微妙的关系。穿梭今昔的多线叙事，《范保德》缓缓道出两代之间血浓于水，又微妙难喻的亲情感应；更透过往事回忆与寻父之旅的见闻，间接显影出一幅格局宏大、国片少见的台湾冷战时代肖像。,https://image.tmdb.org/t/p/w500/iFilj7Y4TQzwus3nIURICOBnSNJ.jpg,,傅孟柏;庄凯勋
没关系，是爱情啊,2014,,tv,9,2024/7/23,《没关系，是爱情啊》由《那年冬天，风在吹》的金奎泰导演和卢熙京编剧再次合作打造，是一部关于精神医学的电视剧。赵寅成饰演在强迫症的折磨下生活的推理小说家兼广播DJ张载烈，孔孝真出演在大学医院精神科里闲赋了一年的医生池海秀。,https://image.tmdb.org/t/p/original/pqwLrG9gwmNmWFIAldlCPMnRoJ4.jpg,,赵寅成;孔晓振
抓娃娃之真假少爷,2024,,short,8,2024/7/10,天才少年悠悠本来是首富皇甫家的少爷，十五年前因为走丢被傅家捡去，成了伺候傅家少爷的仆人，饱受虐待，幸好，悠悠的四个美艳小姨分别是女战神，影后，神医，和商 …,https://vpic-cover.puui.qpic.cn/v3559edg6ax/v3559edg6ax_1722526188_vt.jpg/720,,UU学弟
姥姥的外孙,2025,,movie,9,2024/4/4,出身泰国华人家庭的无业年轻人阿安（马群耀 饰）看到堂妹因照顾病重的爷爷而继承房产后，也对身患绝症的姥姥（乌萨·萨梅坎姆 饰）动了心思，计划复刻堂妹的“致富之路”获取百万遗产。但面对同样“努力”的舅舅们和挑剔毒舌的姥姥，阿安这条争当全职孝孙的“啃姥致富”之路似乎没有他预想的那么顺利……,https://image.tmdb.org/t/p/w500/46PHpRYxgZlAFs9HRzE3MLM1KnA.jpg,,三亚·库纳康
本日公休,2025,,movie,9,2024/1/11,阿蕊（陆小芬 饰）开了四?年男士家庭理发，小小的家庭理发店收藏了各种人间的生老病死、聚散离合。面对生活的烦扰，阿蕊总是以她台湾欧巴桑的精神，毫不认输的面对人生。时间一天天过去，她的客人老了。有天阿蕊接到一通电话，搬到远方的老客人生病无法出门剪头发，拜托阿蕊到府服务。面对各种反对，阿蕊想起师傅教她“这一行要服务客人到底”。挂上“本日公休”的牌子，她要出发上路，去做一件所有人都认为不值得的事……,https://image.tmdb.org/t/p/w500/qf5IsBImXCvSiThQUnTv20suJRM.jpg,,陆小芬;傅孟柏
老狐狸,2025,,movie,8.5,2024/1/1,故事发生在1989年全民皆股的年代，小男孩廖界与父亲廖泰来相依为命，他们相信人性本善，没发现世界正在改变。股市飙涨、物价翻倍，有人一夕暴富，有人意识到现实残酷；单纯老实的廖界父子属于后者。不料，他们碰上了聪明狡猾的“老狐狸”，命运道路可能截然不同。财富与良心两条岔路，该怎么选？,https://image.tmdb.org/t/p/w500/aJSfcq4AUpmKVaqlfkDIbq2J2kC.jpg,,白润音;刘冠廷;傅孟柏
小小的我,2025,,movie,8.5,2024/1/1,患有脑瘫的刘春和（易烊千玺 饰）勇敢冲破身心的枷锁，为外婆（林晓杰 饰）圆梦舞台的同时，也努力寻求着自己人生的坐标。在经历一个盛夏的蜕变后，他终于踏上了新的旅程。,https://image.tmdb.org/t/p/w500/kvRhquopoC2idxgkRYnbVN4q2B3.jpg,,易烊千玺;蒋勤勤
爱的噩梦,2025,,movie,8,2024/1/1,男子爱上了一个控制狂，热恋期他都甘心付出，直到另一个女生出现，他才知道原来爱情可以这么自由。男子在梦中许了一个“换女朋友”的愿望，而愿望居然成真了！这是幸福的开始？还是恐怖的到来？,https://image.tmdb.org/t/p/w500/qPgTlGfZA1SANyNPfgiFlYGL7mR.jpg,,林柏宏;项婕如;谢欣颖
我们一起摇太阳,2025,,movie,9,2024/1/1,当“没头脑”吕途（彭昱畅 饰）遇上“不高兴”凌敏（李庚希 饰），两个身患重症却性格迥异的年轻人，因为“生命接力”的约定，阴差阳错地踏上了一段充满爱与力量的治愈之旅。影片是韩延导演“生命三部曲”终章，部分取材于纪实报道文章《最功利的婚姻交易，最动情的永恒约定》。,https://image.tmdb.org/t/p/w500/ia08FRXcH5GwjpohOFVCQdsvEB1.jpg,,彭昱畅;李庚希
时光代理人,2024,,tv,9,2024/1/1,程小时（蒋龙 饰）自小因父母失踪，受到邻居乔苓（卜冠今 饰）一家的照顾，在经营照相馆时结识陆光（毕雯珺 饰），程小时和性格迥异的陆光拥有合作进入照片的特殊能力，作为记者的乔苓获知两人能力后，也加入“时光代理人”委托小队，三人共同踏上帮助他人弥补遗憾、寻找真相，完成自我成长的奇幻旅途。,https://image.tmdb.org/t/p/w500/yqXjp5Pih46V0sMT1ttMfIwFXAY.jpg,,蒋龙;毕雯珺;卜冠今
致命游戏,2025,,tv,9.5,2024/1/1,VR游戏设计师凌久时工作不顺决定辞职，一款测试版游戏让他寄情忘忧，他意外收到一块国外寄来的游戏光盘。一场车祸后，他来到了一个有着12扇铁门的走廊。来到门内，一名神秘人助他在林海雪山中逃离狼爪，欢迎他来到门的世界。门中凶险万分，稍有不慎就会丢掉性命。随之，凌久时发现一件诡异的事情，在门内遇险回到门外世界也会遭遇不测……,https://image.tmdb.org/t/p/w500/gTMs89YC6HZjqWtgAKOLfaOCfGJ.jpg,,夏之光;黄俊捷
新生,2025,,tv,9,2024/1/1,一场关于费可（井柏然 饰）的追思会，女记者何珊（周依然 饰）与五位陌生人一同受邀。他们都跟费可有着不为人知的过往，但他们发现所认识的费可并不是同一个人。费可到底是谁？众人展开回溯，逐步揭开了关于费可的真相……,https://image.tmdb.org/t/p/w500/fDuC8THHGITyZcKpw3D4GmJYglf.jpg,,井柏然;周依然
影后,2025,,tv,9,2024/1/1,八卦杂志总喜欢用竞争视角去形容同期出道的薛亚之（谢盈萱 饰）和周凡（杨谨华 饰），但这一点都无伤这对好姊妹的友谊，因为一直以来她们都是彼此的依靠，直到薛亚之决定要嫁给李子齐（薛仕凌 饰）这天。而这场变调的婚礼，像一把利刃，狠狠地划开了这对挚友的情感，也划开了两位女演员此后的命运，过往的一对好友如今变成后不见后的“宿敌”，正是嗜血的媒体最爱的情节。但，没人去关心，那把划开姐妹情谊的利刃，至今还插在她们的身体里，折磨着彼此。,https://image.tmdb.org/t/p/w500/6cAOhoHUwKGLD32fwRPBlmMqEYy.jpg,,谢盈萱;杨谨华;薛仕凌
照明商店,2023,,movie,8,2023/12/8,深巷的尽头，一间“照明商店”长年亮着灯，神秘的老板（刘奕君 饰）细心擦拭着每一个灯泡，形形色色的客人络绎不绝。护士许念（章若楠 饰）和男友郑满（白宇帆 饰）新搬进了商店附近的公寓。她渐渐发现，这里的每一个人，心底都有一个不可言说的秘密。暴风雨之夜，她走进了巷尾的照明商店，答案渐渐被揭开……,https://img.ffzy888.com/upload/vod/20240213-1/bef6bd8796def85c275189ffa51fdcbd.jpg,,章若楠;白宇帆;刘奕君
青少年哪吒,2025,,movie,9,2023/7/20,拿着退来的补习费用逃离压抑的补习班后，小康开始漫无目的的在西门町晃荡，偶遇有着另一种身份过着另一种日子的“不良少年”阿泽，被其吸引，渴望融入其生活。但阿泽只是表面看来光鲜，打电动、开一辆重型机车在街上呼啸只因可以暂时让自己看起来像个胜利者，内心却一样是封闭孤独的。  在跟踪阿泽的过程中，小康渐发觉自己的性向可能与大多数人有别，也发现阿泽生活的单调与苦闷。但好过小康的是，阿泽虽也几乎不知何为亲情，却有“好兄弟”阿彬常陪左右，有阿桂暂当女友，来过“当天和尚撞天钟”的生活。,https://image.tmdb.org/t/p/w500/nIBzkxmJukSbyNREyzgRThcgrBX.jpg,,李康生;陈昭荣
有生之年,2023,,tv,9.5,2023/7/5,落魄的高嘉岳突然回家了，离家多年却豪不客气地闯进高家的日常。嘉岳发现不单只有自己，每个人的人生都好难好难，各自遭遇各种难题，爸妈感情失和、二弟在家中一直没有归属感、三弟对未来很茫然，但他们还是跌跌撞撞地在人生道路上前进着。嘉岳看着家人都这么尽力地活着，他认为是时候去完成原本轻生的打算了…,https://image.tmdb.org/t/p/w500/3nl2i5cCGv1r1spnkwm07jyREFy.jpg,,吴慷仁
怪物,2025,,movie,8.5,2023/6/2,【タイトル】非公開【監　　督】是枝裕和(『そして父になる』、『海街diary』、『三度目の殺人』、『万引き家族』他)【出　　演】豪華キャスト出演【制作会社】AOI Pro.【撮影期間】2022...,https://img.wmdb.tv/movie/poster/1680441076420-51815a.jpg,,安藤樱
周处除三害,2025,,movie,8.5,2023/3/3,通缉犯陈桂林（阮经天 饰）生命将尽，却发现自己在通缉榜上只排名第三，他决心查出前两名通缉犯的下落，并将他们一一除掉。陈桂林以为自己已成为当代的周处除三害，却没想到永远参不透的贪嗔痴，才是人生终要面对的罪与罚。  影片引用的“周处除三害”典故，见于《晋书·周处传》和《世说新语》。据记载，少年周处身形魁梧，武力高强，却横行乡里，为邻人所厌。后周处只身斩杀猛虎孽蛟，他自己也浪子回头、改邪归正，至此三害皆除。,https://image.tmdb.org/t/p/w500/eNvuf4PHepy0nlXfludjGCJGG59.jpg,,阮经天;王净;李李仁
重启人生,2025,,tv,9.5,2023/1/1,近藤麻美（安藤樱 饰）是个任职于地方市役所、生活非常平凡的33岁单身女性。某天一睁开眼，麻美发现自己居然带着记忆穿越到过去，人生更是从呱呱坠地的零岁重来一遍！意会过来的她，想起死后世界的引路人，以及自己希望再投胎为人类而选择一边积德、一边重新过上同样的人生。亲情、友情、恋情… 第二轮平凡的人生，开始！,https://image.tmdb.org/t/p/w500/uaZXNusiStCwGMyUun97bysK774.jpg,,安藤樱;夏帆
不良执念清除师,2025,,tv,9,2023/1/1,中二病不良少年蒲一永（曾敬骅饰）与凡事可以用拳头解决绝不用嘴巴的不良妈妈叶宝生（杨谨华饰）在一场意外后，两人相依为命。蒲一永遭遇意外后陷入昏迷，醒来发现自己居然有怪物沟通的超能力，还被“执念化成人形”的怪物们缠上，平凡生活从此改变，跟一线三女警陈楮英（宋芸桦 饰）和医学系高颜值学霸曹光砚（彭千祐 饰），三人误打误撞开始一场打怪之旅，经历一步步的关卡，开启了热血又触动人心的奇幻冒险 。,https://image.tmdb.org/t/p/w500/7rJx1ZG6rGKtT7BGd0nq8bZbPch.jpg,,曾敬骅;杨谨华
网络谜踪,2025,,movie,8.5,2022/8/24,工程师大卫·金（约翰·赵 饰）一直引以为傲的16岁乖女玛戈特突然失踪。前来调查此案的警探怀疑女儿离家出走。不满这一结论的父亲为了寻找真相，独自展开调查。他打开了女儿的笔记本电脑，用社交软件开始寻找破案线索。大卫必须在女儿消失之前，沿着她在虚拟世界的足迹找到她…,https://image.tmdb.org/t/p/w500/6tsvKkKT5Pu9SZ1PAOmOG63PpkE.jpg,,约翰·赵
美食无间,2025,,tv,8,2022/6/23,岳港市第一分隊長朱坡，特立獨行手腳俐落，對偵查細節絕不放過，對美食更是愛不釋口。他所經手的案件中，屢次暗藏集團的犯罪線索，並牽涉一名神祕老練的殺手，讓調查更加難以突破。好不容易擺脫菜鳥學妹吳薇、獨自去...,https://img.wmdb.tv/movie/poster/1699026270774-ga149a.jpg,,王柏杰;傅孟柏
步履不停,2008,,movie,9,2022/3/31,这部抒情而深切动人的影片是当代日本电影大师是枝裕和迄今为止最个人化的作品。影片为纪念其已故母亲而创作，描绘了横山家聚集举行纪念仪式的一天——其背后的深意随剧情推进才逐渐清晰。导演并未着力于强烈的戏剧冲突，而是通过细微的举止与家庭日常（尤其是烹饪）来勾勒一个家族的全部生活，其间贯穿着深藏的遗憾与平凡的欢欣。影片凭借鲜活而令人心碎的表演，以及回归导演早期纪录片风格的温柔自然主义笔触，非凡地刻画了那些将我们紧密相连的羁绊。[标准收藏公司],https://image.tmdb.org/t/p/original/4e9XPdW2u9J9xWBQzA0D9YRsOR4.jpg,,阿部宽
胆小鬼,2022,,tv,9,2022/1/1,剧集讲述了一段跨越十年的沉郁青春往事：少年秦理因父亲抢劫杀人，而成为校园中的众矢之的。转学生黄姝，及其好友王頔、冯雪娇始终坚定地站在他身边，四人建立起了一段珍贵的校园情谊。然而，成长过程中一连串事件的发生，却不断挑战着这段友情，坚守与背叛，他们该如何抉择……,https://image.tmdb.org/t/p/w500/j2O4YU4c1VLARgE7y4ZLQz5tDWL.jpg,,欧豪;王玉雯;周依然
没有工作的一年,2025,,tv,9,2022/1/1,32岁的事业女性何雨，因不满上司灰色操作惨遭“被离职”，一天之内失业又失恋，还被迫跟同名同姓、因不堪996而毅然辞掉工作的22岁躺平青年小雨，住到了同一屋檐下。在没有工作的一年中，两个理念迥异的女孩由起初的势不两立，逐渐变为互相依靠，互相改变。大雨在小雨的带领下，逐渐抛弃打鸡血的生活方式，找到了内心的平静。小雨也在大雨的影响下，重新找回了积极的生活态度，实现自我价值。最终，两人完成了身份的置换，从对方身上领悟到生活和工作的意义。不够“成功”，也可以很幸福。屡战屡败的人生，也怀有希望。,https://image.tmdb.org/t/p/w500/l4gJKzDMS9ZEiNpygg3cEIJphWl.jpg,,李嘉琦;万鹏;翟子路
三悦有了新工作,2025,,tv,9,2022/1/1,剧集从95后年轻人的视角出发，讲述了阴差阳错来到殡仪馆担任化妆师的赵三悦，从新入行时对这份职业怀抱着未知，到感悟生死用心学习遗体化妆的故事。同时，该剧以赵三悦为原点，通过赵三悦的成长视角，刻画了她所见证下往生者的生前身后，折射众生群像。以温暖、治愈的方式，带领观众了解遗体化妆师们那些点燃平凡瞬间的高光时刻，从无常的消逝之中，体悟日常生活的可贵，旨在以生死之事，见人间之情，让观众陪同三悦一起，见生死，见天地，见众生，学会告别，习得人生。,https://image.tmdb.org/t/p/w500/47El4488hchW7W332abpJQYgPTd.jpg,,周依然;梁靖康
大山的女儿,2025,,tv,9,2022/1/1,根据真实事迹创作，讲述黄文秀从乡村走出来，研究生毕业后，放弃到大城市工作的机会，毅然回到家乡，奋战在扶贫一线的动人事迹。,https://image.tmdb.org/t/p/w500/6zxAYvlvrSSh7uMki8SkrqgIiQW.jpg,,杨蓉;刘奕君
开端,2025,,tv,9,2022/1/1,公交车上的乘客们，身份和经历各异，有各自的困境，也有各自对未来生活的期冀，通过他们的经历，可以看到生命的厚重、生存的姿态，感受到生活的意义。肖鹤云（白敬亭饰）和李诗情（赵今麦饰），两个缺少主角光环的普通人经历时间循环、寻找真相的过程中，一次次经历生死挑战，实现自我成长。爆炸的真相隐藏在层层迷雾中，但正义终会来临，正如俩人名字所预示的那般，迎来“晴空一鹤排云上，便引诗情到碧霄”的清朗开阔,https://image.tmdb.org/t/p/w500/k2Tkn1MdarvyMvr7GGvzqqC5xxG.jpg,,白敬亭;赵今麦
初恋那件小事,2021,,tv,9,2021/11/8,夏淼淼，每个班里都会有的毫不起眼的普通女孩，皮肤黝黑、戴着酒瓶底似的近视眼镜，成绩勉勉强强，但活泼开朗的她喜欢为人排忧解难，当遇到同样喜欢为别人考虑问题的梁又年，淼淼的心湖第一次泛起了涟漪。梁又年给了她勇气遵从自己的内心，那份年少时的萌动变成一份前行的动力，一场青春的蜕变如期而至 。,https://image.tmdb.org/t/p/w500/1TC7SEVW2i7XiegAO4i1OUjJ4Nu.jpg,,赖冠霖;赵今麦
无神之地不下雨,2025,,tv,9,2021/8/4,故事背景部分取材于阿美族泛灵神话。在末日最后一场雨落下之前，所有神都将离开，没想到诸神的撤退计划竟被一个平凡的人类女孩打乱。世界走向未知的同时，女孩发现扭转命运的机会，竟系在自己与守护神身上……,https://image.tmdb.org/t/p/w500/Afcn5BIip5nfT7U3dQe94LnrHXg.jpg,,傅孟柏;曾之乔;颜毓麟;柯佳嬿
三块广告牌,2017,,movie,8.5,2021/5/26,本片是奥斯卡奖提名者马丁·麦克唐纳执导的一部黑色喜剧犯罪剧情片。在女儿遇害案悬置数月仍未破获后，米尔德丽德·海斯采取了一项大胆之举：她租下通往小镇路上的三块广告牌，牌上直指当地德高望重的警察局长比尔·威洛比的尖锐标语掀起轩然大波。而当威洛比麾下警员杰森·迪克森——一个沉迷酒精与暴力的不成熟妈宝男——卷入冲突后，米尔德丽德与埃宾镇执法部门之间的对抗愈演愈烈。[福克斯探照灯影业],https://image.tmdb.org/t/p/w342/fQzCvF2R4P9YkPQK7gO9LNLcnlD.jpg,,哈里森
Move to Heaven：我是遗物整理师,2025,,tv,9,2021/5/14,Move to Heaven：我是遗物整理师「有人死去时，我的工作就开始了」每个死亡背后都有一段故事我们将娓娓道来这些不为人知的故事，让它们永远流传现在，让我们协助您展开最后一趟旅程。《Mo...,https://img.wmdb.tv/movie/poster/1622021778629-53afea.jpg,,李帝勋
别想打扰我学习,2025,,tv,8.5,2021/3/10,南向晚（李兰迪 饰）年仅28岁，就已经成为了世界知名企业人事总监，虽然在职场上光鲜亮丽叱咤风云，但实际上，南向晚的内心里充满了对于人生的浓重的焦虑，为了缓解焦虑，她甚至接受起了心理治疗，哪知道一场心理...,https://img.wmdb.tv/movie/poster/1653122640082-d5a6c6.jpg,,李兰迪;赖冠霖
我在他乡挺好的,2025,,tv,9,2021/1/1,《我在他乡挺好的》迁徙的大雁如同每一个在大都会中的异乡人，在呼啸的地铁与拥挤的楼宇为梦想而奔赴，这是属于她们的故事，也是属于我们每一个人的现实。,https://image.tmdb.org/t/p/w500/s3n3f1FGqsuztzanZm2PFi9ZZvI.jpg,,周雨彤;任素汐;孙千
终极笔记,2025,,tv,9,2020/12/10,根据南派三叔原著小说改编的爱奇艺自制剧集《终极笔记》讲述了自云顶天宫事件之后，吴邪刚刚从三叔处得知西沙海底的隐情，以及战国帛书与老九门的恩怨，随即收到了两盘来自张起灵的录像带。为了进一步揭开事情的真相...,https://img.wmdb.tv/movie/poster/1609637305867-2c3ed7.jpg,,曾舜晞
棋魂,2025,,tv,9.5,2020/10/7,小学六年级的小光为了赚些零用钱，跑到爷爷家里寻宝，偶然翻出了一个旧棋盘。接触棋盘的一瞬间，附身于棋盘中的棋士——褚嬴的灵魂进入了小光的体内。后来小光在学校围棋会所结识了少年天才——小亮。为了测试褚嬴的实力，小光贸然与小亮对弈，结果小胜对手。他不知道小亮的身份，误以为褚嬴棋力平平，深为不满。然而小亮却大受打击，失意至极。数日后，小亮再次向小光挑战，虽然他对小光藐视围棋的态度十分气愤，但是无奈再次惨败在棋魂褚嬴手下，从此开始，二人就成了相爱相杀的棋坛宿敌。在褚嬴的指导下，小光进步神速，也逐渐对围棋产生了兴趣，最终在全国大赛上与劲敌小亮一场激战中，褚嬴下了绝妙的一局，但小光竟然看出更高的一着。小光终于在自己的努力、褚嬴的帮助和与小亮的磨练中，可以独立对弈，在自己心中燃起真正的棋魂。,https://image.tmdb.org/t/p/w500/vXSrZHJRVclMNFO9ca1FWcWOvjq.jpg,,胡先煦
我可能不会爱你,2025,,tv,9,2020/9/18,《我可能不会爱你》2011年在台湾播出取得了傲人的收视率，位列2011年台湾偶像剧收视率排行版第一名。程又青（林依晨 饰），百货公司鞋区区长，交过几个男朋友、伤心、伤身又伤情。李大仁（陈柏霖 饰），...,https://img.wmdb.tv/movie/poster/1614077802689-d09914.jpg,,林依晨;陈柏霖
全职高手,2025,,tv,8.5,2020/8/5,网游荣耀中被誉为教科书级别的顶尖高手叶修，因为种种原因遭到俱乐部的驱逐，离开职业圈的他被兴欣网吧老板娘陈果收留，入职成为一个值夜班的网管。拥有十年游戏经验的叶修，并不打算放弃他所钟爱的“荣耀”，叶修重启ID账号“君莫笑”，手持一把未完成的自制武器千机伞，在荣耀新开的第十区重新投入游戏，开始了他重返巅峰的计划。,https://image.tmdb.org/t/p/w500/dFhhU5GknURkABEu0sEjCUQs7EE.jpg,,杨洋
我的男孩,2025,,tv,9,2020/7/8,罗小菲是一个希望被爱却都遇到不对的人，因而失去了去爱与被爱的勇气，在与安庆辉的互动中，找回自己最初该面对的人事物，从而宽恕、感恩、跟最亲近的人说对不起，也重现学会勇敢。安庆辉则是从学生身份的故事开始，接着进入社会历经人生转变。,https://image.tmdb.org/t/p/w500/1XZ8YcOt0op5A6XzDen202zOlIM.jpg,,张轩睿;林心如;杨谨华
怦然心动,2025,,movie,9,2020/2/16,布莱斯全家搬到小镇，邻家女孩朱丽前来帮忙。她对他一见钟情，心愿是获得他的吻。两人是同班同学，她一直想方设法接近他，但是他避之不及。她喜欢爬在高高的梧桐树上看风景。但因为施工，树被要被砍掉，她誓死捍卫，希望他并肩作战，但是他退缩了。她的事迹上了报纸，外公对她颇有好感，令他十分困惑。她凭借鸡下蛋的项目获得了科技展第一名，成了全场焦点，令他黯然失色。她把自家鸡蛋送给他，他听家人怀疑她家鸡蛋不卫生，便偷偷把鸡蛋丢掉。她得知真相，很伤心，两人关系跌入冰点。她跟家人诉说，引发争吵。原来父亲一直攒钱照顾傻弟弟，所以生活拮据。她理解了父母，自己动手，还得到了他外公的鼎力相助。他向她道歉，但是并未解决问题。他开始关注她。鸡蛋风波未平，家庭晚宴与午餐男孩评选又把两人扯在了一起……,https://image.tmdb.org/t/p/w500/9W9tsHcaK77r4xGmPjzPnjv12nw.jpg,,玛德琳·卡罗尔
送你一朵小红花,2025,,movie,8,2020/1/1,两个抗癌家庭，两组生活轨迹。影片讲述了一个温情的现实故事，思考和直面了每一个普通人都会面临的终极问题——想象死亡随时可能到来，我们唯一要做的就是爱和珍惜。,https://image.tmdb.org/t/p/w500/qV4kEuX3kgrse0TsnAnfA2gz0Wt.jpg,,易烊千玺;刘浩存
摩天大楼,2025,,tv,9,2020/1/1,该剧改编自作家陈雪的同名小说，讲述了在一幢摩天大楼中，美女店长钟美宝被害，两个警察联手破案，在抽丝剥茧之间发现了整栋大楼隐藏着匪夷所思的人际关系，发现原来每个人都有着不可告人的秘密，永远不要相信看到的表象。,https://image.tmdb.org/t/p/w500/tDqNYv2Qw7U2z9sLUXmnzPqwYpW.jpg,,杨子姗;郭涛;杨颖
镜子森林,2025,,tv,8.5,2019/12/1,《鏡子森林》，原劇名為《文化流氓》，2019年台灣職人劇，為民視年度旗艦型連續劇。本劇共分為三季，以新聞媒體生態為題材。本劇獲文化部106年度旗艦型連續劇製作補助6330萬元。於2018年11月30日...,https://img.wmdb.tv/movie/poster/1618655683742-960088.jpg,,杨谨华;郑人硕;林柏宏
想见你,2025,,tv,9.5,2019/10/5,黄雨萱永远记得，当王诠胜第一次跟她告白，跟她说他喜欢她，要她当他女朋友的时候，黄雨萱反问了他一个问题，为什么他会喜欢她，那时的王诠胜，就只是带着一切该是如此的笃定微笑，回答她了一句“因为打从我第一眼看到你的时候，我就知道，我喜欢你…”黄雨萱，记得很清楚那一天，是2011年的夏末，她升上大学二年级的第一天，那一年的她和他，都是十九岁。陈韵如永远记得，当李子维第一次跟她开口说话的时候，她坐在唱片行的柜台后，一边顾店，一边准备明年的大学联考，随着旋律，一个人默默地读著书。那一天店内，正在播放的歌曲，是伍佰在1996年所出的专辑爱情的尽头里的第六首歌 LAST DANCE。 陈韵如记得很清楚，那一天，是1998年的夏天，她的最后一个高中暑假，那一年的她和他，17岁。2019年的现在，因为走不出王诠胜离开的思念，黄雨萱试图用一款可以找到世界上另一个自己的APP软件，找到另一个与王诠胜相似的男人，不料在照片中，却看到了另一个长得与自己非常相似的陈韵如。1998年的过去，陈韵如从昏迷中醒来，在她昏迷的这几天，她做了一个好长好长的梦，梦里的她，名字叫做黄雨萱。,https://image.tmdb.org/t/p/w500/i7mnRRCpjEgTeh7zpaIwliQWSDI.jpg,,柯佳嬿;许光汉;颜毓麟
肖申克的救赎,2025,,movie,9,2019/9/10,一场谋杀案使银行家安迪（蒂姆?罗宾斯 Tim Robbins 饰）蒙冤入狱，谋杀妻子及其情人的指控将囚禁他终生。在肖申克监狱的首次现身就让监狱“大哥”瑞德（摩根?弗里曼 Morgan Freeman ...,https://img.wmdb.tv/movie/poster/1712575307374-341642.jpg,,蒂姆·罗宾斯;摩根·弗里曼
亲爱的，热爱的,2019,,tv,8.5,2019/7/9,该剧改编自墨宝非宝的小说《蜜汁炖鱿鱼》，讲述了软萌学霸佟年（杨紫 饰）对热血青年韩商言（李现 饰）一见钟情并甜蜜倒追，二人日常相处中甜蜜碰撞，在实现梦想的路上互相扶持，最终韩商言在佟年的陪伴与支持下，...,https://img.wmdb.tv/movie/poster/1615380463860-e3f382.jpg,,杨紫;李现
我们与恶的距离,2025,,tv,9,2019/1/1,品味新闻台编辑台主管宋乔安（贾静雯饰）的儿子是二年前李晓明无差别杀人事件的罹难者，先生刘昭国（温升豪饰）是网络先驱报的创办人，夫妻在儿子走后因现实磨难渐行渐远准备离婚，但11岁的女儿行为却日渐失序，为了女儿终逼二人必须重新检视自己身上的伤口。李晓明的辩护律师王赦（吴慷仁饰），在李晓明死刑定案之后，仍想要了解其犯罪动机，锲而不舍的他，开启了众人命运的连结。,https://image.tmdb.org/t/p/w500/lX2XIe6n6B4nFaGH1A6mbSOCXDs.jpg,,温升豪;贾静雯;吴慷仁
绿皮书,2018,,movie,9,2018/9/11,托尼（维果·莫腾森 Viggo Mortensen 饰）是一个吊儿郎当游手好闲的混混，在一家夜总会做侍者。这间夜总会因故要停业几个月，可托尼所要支付的房租和生活费不会因此取消，所以他的当务之急是去寻找...,https://img.wmdb.tv/movie/poster/1608075221872-6cgc41.jpg,,维果·莫腾森;·瓦莱隆加
忽而今夏,2025,,tv,9,2018/1/1,少女何洛机灵俏皮但功课欠佳，却不小心夸下海口要考入名校。意气飞扬的学霸章远看似自大高傲，但被何洛的锲而不舍打动，辅导她不断进步。两个人心意渐明，约定报考同一所大学，但阴差阳错，高考令他们分隔两座城市。他们不畏时空距离，满怀憧憬地一起规划未来。高中同班的一众好友，也各自经历成长中的种种磨砺与挑战。高考失利的章远急于证明自己，实现早日与何洛团聚的承诺，却在创业过程中一再受挫。不同的经历和心境让他和何洛产生分歧，相互深爱却渐行渐远。站在人生的岔路口，他们应该如何抉择？数年后事业有成却天各一方，再次重逢时，心中是否还有最初的悸动？一段绵延十年，隔山跨海的眷恋，带你重温青涩时光里的怦然心动，体会追逐梦想的奋力拼搏，回想记忆深处，最初爱过的那个人。,https://image.tmdb.org/t/p/w500/f0wQNQNJlOexhyEsalB23A222NO.jpg,,白宇;卜冠今
谁先爱上他的,2025,,movie,9,2018/1/1,妈妈刘三莲（谢盈萱 饰）离家多年的老公（陈如山 饰）过世不久，她发现先生不但一毛遗产都没留给她和宝贝独生子，反而全给一个叫阿杰（邱泽 饰）的男子！为了儿子（黄圣球 饰）的未来，三莲死缠烂打打算要回这笔钱。另一方面，获得遗产的阿杰，真爱失而复得却旋即又与他永别，尽管原配一家搅局，他决心要用自己的方法来纪念挚爱。,https://image.tmdb.org/t/p/w500/yE8sdfk1MMm7jNnpyLMPJ2iifW8.jpg,,谢盈萱;邱泽
你好，旧时光,2025,,tv,8.5,2017/11/8,余周周与妈妈相依为命。上小学的第一天，余周周因为一次跌倒结识了一个叫林杨的男孩。在林杨的帮助下，她度过了初期对学校的不适，两人也成为了好朋友。然而因为一些流言，林杨却被父母要求远离余周周。对于林杨的疏...,https://img.wmdb.tv/movie/poster/1609026515381-a3bb87.jpg,,李兰迪;张新成
最后的诗句,2025,,movie,8.5,2017/1/1,对于阿施来说，千禧年夏天是最美好的年代。他遇见青春绽放的晓萍，一同牵手走过那缤纷的年纪，写下生命之诗的开头。面对未来的不确定性，两人总是乐观且有计画性的面对。  直至一次阿施父亲到军营中的探访，改变了长久相处的共识，陷落○六年那躁动不安的时代氛围中。出社会后，现实的压力却磨损了原本美好的爱情，使阿施的离去成为不得不的现实，阿施与晓萍在豔阳下相爱，在日落时分开，再拥抱已是四年的时光飞逝，两人清澈的双眸已被岁月折磨地悄然黯淡，距离当年灿烂的身影已越发遥远……。历经波折后的重逢，能使他们再念起那首描述岁月静好的生命之诗吗？,https://image.tmdb.org/t/p/w500/msG010lNzOK2ntHpKwXZtkgNXae.jpg,,温贞菱;傅孟柏
天才枪手,2025,,movie,9.5,2017/1/1,影片根据2014年轰动一时的亚洲考场作弊案改编，讲述了天才学霸利用高智商考场作弊牟取暴利的故事。出生平凡的天才少女Lynn（茱蒂蒙·琼查容苏因 饰）在进入贵族学校后，结识了富二代同学Grace（依莎亚·贺苏汪饰）与Pat（披纳若·苏潘平佑饰），从此开始了考场作弊生涯，与此同时，另一名记忆力极佳的天才学霸Bank（查侬·散顶腾古 饰）发现了Lynn不为人知的“交易”。经过多场险象环生的“作弊战争”后，Lynn接下最后一单在国际考场上为富家子弟作弊的天价委托。一场横跨两大洲的完美作弊方案横空出世，然而一切并不像他们想的那么简单……,https://image.tmdb.org/t/p/original/aHcC4iI4WFAB2sgSjVwcEXaeWE.jpg,,茱蒂蒙·琼查容苏因;查农·桑提纳同库;依莎亚·贺苏汪
蓝色大海的传说,2025,,tv,8.5,2016/11/16,该剧取材于韩国最早民间故事集《於于野谭》中歙谷县令金聃龄（李敏镐饰）将被渔民捕获的人鱼放归大海的人鱼传说。讲述数百年之后濒临灭绝来到都市里的人鱼沈清（全智贤饰）适应陆地生活和天才骗子许俊宰（李敏镐饰）...,https://img.wmdb.tv/movie/poster/1610553746874-gfgb1e.jpg,,全智贤;李敏镐
太阳的后裔,2025,,tv,9,2016/2/24,特战警备队大尉柳时镇（宋仲基 饰）与上士徐大荣（晋久 饰）休假之时遭遇激斗事件，送小偷去医院的时候，被主任医师姜暮烟（宋慧乔 饰）误会，也引得徐大荣的前女友尹明珠（金智媛 饰）突然出现，姜暮烟因此与柳...,https://img.wmdb.tv/movie/poster/1610559544043-89796a.jpg,,宋仲基;宋慧乔
信号,2016,,tv,9,2016/1/22,谜案搜查队的刑警朴海英（李帝勋 饰），是一个不满爆棚、对警察充满不信任感的警队异端分子。为了维持生计，海英把才能浪费在了调查名人隐私，然后再卖给媒体的事情上，一直到一部10多年的老无线电响起。而曾在8...,https://img.wmdb.tv/movie/poster/1699365136552-03ge2b.jpg,,李帝勋
欢乐颂,2025,,tv,9,2016/1/1,国际大都会上海，霓虹闪烁，人头攒动。多少年轻人从四面八方云集十里洋场，追寻着似乎触手可及的事业、爱情和梦想。在一个名为“欢乐颂”的小区，居住着五个年龄相仿的女孩子，分别是合租一套房的供职外企的“胡同公主”樊胜美（蒋欣饰 ）、家境良好的乖乖女关雎尔（乔欣 饰）、来自小城市的普通上班族邱莹莹（杨紫 饰），另外还有集美貌、智商事业于一身的海归女安迪（刘涛 饰）和古灵精怪的富二代曲筱绡（王子文 饰）。俗话说“三个女人一台戏”，更何况是五个有着不同性格、背景和人生经历的青春女孩。她们相互碰撞，彼此依偎，共同讲述了繁华城市中女孩子们的奋斗物语。,https://image.tmdb.org/t/p/w500/mw4ZkRFHMuA5Ao4Zsc7p8PVnf8q.jpg,,刘涛;王子文;蒋欣;杨紫;乔欣
最好的我们,2025,,tv,9.5,2016/1/1,因非典的缘故，当年中考难度降低，这让成绩并不突出的女孩耿耿（谭松韵 饰）尝到了甜头，从而意外考入了重点学校振华高中。肩负着父母的期望，她昂首阔步走入高中。但是这里毕竟是一个凭实力说话的名牌学府，四周围学霸云集，大神辈出，远离了父母加上遭受旁人异样的目光，让她如坐针毡。因为某个意外，她和同班的学霸余淮（刘昊然 饰）相识。余淮虽然学业优秀，但同时还是一个喜欢恶作剧的大男孩，他多次帮助耿耿，让女孩感到了久违的暖意。在此期间，耿耿还与简单（陈梦希 饰）、β蒋年年（董晴 饰）等成为好朋友。青涩美好的学生时代，留下多少难忘的记忆……,https://image.tmdb.org/t/p/w500/jBiWSSukY3hjy7iYC9bMmZ2JXvr.jpg,,谭松韵;刘昊然
荼蘼,2025,,tv,9,2016/1/1,郑如薇（杨丞琳 饰）和男友汤有彦（颜毓麟 饰）相恋多年，彼此之间感情十分稳定。某一日，身为企业白领的郑如薇遇到了一个千载难逢的升职机会，只是，得到这个机会的她要前往上海工作，这也就意味着，她和汤有彦必须开始一段充满了未知和痛苦的异地恋情。离开或留下，郑如薇不知道该如何选择。  电视剧以平行时空的手法描述了郑如薇做出选择之后可能会面临的结局。选择了离开，郑如薇虽然在职场上经营得风生水起，但和汤有彦之间的距离却渐行渐远，并且最终面临着分道扬镳的结局。选择了留下，郑如薇怀孕生子，却渐渐湮没了光芒，成为了平凡而又劳碌的全职太太。,https://image.tmdb.org/t/p/w500/jr7KGfwXxUQHUz3aEMJWc6t09Ue.jpg,,杨丞琳;颜毓麟;谢盈萱
微微一笑很倾城,2025,,tv,8.5,2016/1/1,贝微微（郑爽 饰）是校园里的系花加学霸，而在虚拟的网络世界中，她是侠肝义胆仗剑江湖的红衣女侠“芦苇微微”。在游戏中，贝微微结识了“真水无香”，两人结为侠侣，没想到贝微微却因为不愿以真面目示人而遭到了真水无香的抛弃，在游戏中莫名其妙“被离婚”的贝微微之后又遇见了江湖高手“一笑奈何”，两人为了完成游戏任务而走到了一起。让贝微微没有想到的是，一笑奈何的线下身份，竟然是自己的同校师兄肖奈（杨洋 饰），肖奈是校园中的风云人物，篮球队的主力军，两人的情谊从线上发展到线下，一段跨越了虚拟与现实的感情就此拉开序幕。,https://image.tmdb.org/t/p/w500/66NmYzBaw9n5bMCY1017mTA7IsV.jpg,,郑爽;杨洋;毛晓彤
旋风少女,2025,,tv,9,2015/7/7,该剧根据明晓溪同名小说改编，讲述了一群为了梦想坚持奋斗、公平竞争、相互勉励的青春少年男女，带着友情和爱情走向一段别样历程的故事。,https://image.tmdb.org/t/p/w500/hUye3TnlXvq08FKhaBtChoZ9vR0.jpg,,杨洋;谭松韵;胡冰卿;白敬亭
一把青,2025,,tv,9,2015/1/1,改编自白先勇同名小说。该剧描述1945年，众人沉浸在抗战胜利的喜悦时，马上面临继起的国共内战，再次被战火无情催逼、生死两隔的动人情感。在国共内战当时的许多飞官的家庭，当妻子看著丈夫出门时，一颗心却悬著等待任务的结束。,https://image.tmdb.org/t/p/w500/qxinfcqL3GoMW0gjyMTHm8MNnCr.jpg,,杨谨华;天心
触不可及,2025,,movie,8.5,2011/11/2,因为一次跳伞事故，白人富翁菲利普Philippe（弗朗索瓦·克鲁塞 Fran?ois Cluzet 饰）瘫痪在床，欲招聘一名全职陪护。由于薪酬高，应聘者云集，个个舌灿莲花，却无法打动他的心。直到黑人德...,https://img.wmdb.tv/movie/poster/1608800493746-bee2d1.jpg,,奥玛·希
爆丸小子,2008,,tv,8,2009-08-30,宇宙历元年，地球上所有的人们都在大肆庆祝，平时热闹非凡的北武市海滩显得空空荡荡，只有少年周毅火孤单的坐在海滩上，他正通过一 种机器装置，和他的海豚朋友KIMMY聊天，向它诉苦，因为自己成绩下降不少，物理考试不及格，父母不带他去参加盛大的庆祝活动。就在这时，他被几道剧烈的光亮吸引，他发现光亮是从自己家邻居楠博士的房间中传出的，于是躲在窗外一探究竟。被人称为疯狂科学家的楠博士，正在进行一项神秘的实验。博士手中的一张神秘卡片引起了周毅火的注意，这张卡片看上去非常古老，博士对卡片也是小心翼翼格 外重视，博士经过精确的计算，通过一种装置给卡片分别注入了六种颜色的能量，奇怪的事情发生了，卡片突然发生巨变，卡片被六种能量激活，打开了一道空间之门，将楠博士吸了进去，消失的无影无踪 。,https://images.tmdb.org/t/p/w342/56YSiuMwjzRGtA7AD2WUfM9PQva.jpg,https://images.tmdb.org/t/p/w780/dP7l39BH2tfJZnUk9GVZI7gCsxI.jpg,王成;张磊;蒋俐玮;郗席曼
爆丸小子,2025,,tv,8,2009/8/30,《爆丸小子》是由上海炫动卡通卫视、广州可帮影视文化有限公司联合出品的科幻题材儿童电视剧，由刘崇杰执导，马楠编剧，王成、李铭祖、蒋俐玮等联合主演。 该剧讲述少年周毅火为拯救地球，与伙伴们同各路对手展开爆丸竞技的热血故事。,https://pix2.tvzhe.com/thumb/drama/1/711/270x360.jpg,,王成
败犬女王,2025,,tv,9,2009/1/1,单无双，33岁，一个生活塞满工作的女性上班族。也许经过多年的努力，工作有一点成就，可是她却单身，孤单一个人。不只对象越来越难寻获，可恶的是随着年龄的增加，身价更是越来越下跌!!在台湾，年过三十三，对象难寻的单身贵族遍布成河!!,https://image.tmdb.org/t/p/w500/mYxE9ULl19MniS2l3BZPDjbrcrE.jpg,,杨谨华;阮经天
命中注定我爱你,2025,,tv,9.5,2008/11/8,“便利贴女孩”陈欣怡为了挽回新任男友古驰，请男友登上了浪漫豪华游轮。不料阴差阳错进错房间，糊里糊涂的和被下催情药的富少纪存希发生关系。莫名其秒失去了第一次，被另结新欢的男友嘲笑，而且负债20万。决望之时在甲板巧遇纪存希，纪存希带她在游轮的赌场里大出风头，并且狠狠教训了花心的古驰，之后二人又在众人的见证经历了一次浪漫的订婚仪式。游轮到达终点，灰姑娘陈欣怡又回到了现实生活中。一个月之后陈欣怡发现自己怀孕了，怀了那个叫纪存希的男人的孩子，仿佛就像是命中注定，“便利贴女孩”和“优质王子”因为这个孩子又一次相遇……,https://image.tmdb.org/t/p/w500/inc2OdWOTtyfb49C9aTWQXxWUYP.jpg,,陈乔恩;阮经天
藏地情书,2026,,movie,8,2026-04-13,毛铭基（屈楚萧 饰）和傅真（邱天 饰）在拉萨相遇，并和子琪（马苏 饰）、李健（张宁江 饰）、达娃（金巴 饰）结伴前往珠峰大本营。历经各种波折后，毛铭基和傅真二人之间产生了纯粹且强烈的爱情，但两人都未在即将结束的旅途前表达爱意，他们最终能否知晓彼此的心意？,https://images.tmdb.org/t/p/w342/vMIwHcNgDU9kMObDcSx1V6FFJzY.jpg,https://images.tmdb.org/t/p/w780/fmLGt8ESbnZ2NU07JDneQXiFq3i.jpg,屈楚萧;邱天;马苏;张宁江;金巴;党浩予;班玛加;才丁扎西;巴金旺甲
媚者无疆,2018,,tv,8,2026-03-26,晚媚是一个身世悲惨的女孩子，本名苏七雪，被自己亲爹卖进妓院后，凭借着自身刚烈的个性和危机时刻临危不惧的胆识，成功的逃过了一劫，后来苏七雪辗转来到了姽婳城，这个被誉为“活人的死路，死人的活路”的地方，并被赐名晚媚，她被宿命推向了更大的漩涡。晚媚在姽婳城想要活下去，就必须要杀人，并且不允许失败，失败了就代表着死亡，幸运的是她遇见了影子长安，长安承诺了她不负一世。,https://images.tmdb.org/t/p/w342/5MJmxLkKWTtXdzFvTlARBJeu9C5.jpg,https://images.tmdb.org/t/p/w780/o1Uz0TXHnU8XSfWUdjjsWXJNnKM.jpg,李一桐;屈楚萧;汪铎;郭雪芙;李子峰;徐洁儿;柴鸥;李羿瑄
流浪地球,2019,,movie,8.5,2026-03-26,近未来，科学家们发现太阳急速衰老膨胀，短时间内包括地球在内的整个太阳系都将被太阳所吞没。为了自救，人类提出一个名为“流浪地球”的大胆计划，即倾全球之力在地球表面建造上万座发动机和转向发动机，推动地球离开太阳系，用2500年的时间奔往另外一个栖息之地。中国航天员刘培强在儿子刘启四岁那年前往国际空间站，和国际同侪肩负起领航者的重任。转眼刘启长大，他带着妹妹朵朵偷偷跑到地表，偷开外公韩子昂的运输车，结果不仅遭到逮捕，还遭遇了全球发动机停摆的事件。为了修好发动机，阻止地球坠入木星，全球开始展开饱和式营救，连刘启他们的车也被强征加入。在与时间赛跑的过程中，无数的人前仆后继，奋不顾身，只为延续百代子孙生存的希望……,https://images.tmdb.org/t/p/w342/tXuQCgx69DxVgeTsU0TkruR3i9O.jpg,https://images.tmdb.org/t/p/w780/3PjpT6wBsfXawa1PPTEkYGHRaYs.jpg,吴京;屈楚萧;李光洁;吴孟达;赵今麦;隋凯;屈菁菁;张亦驰;杨皓宇;阿尔卡基·沙罗格拉茨基
有朵云像你,2025,,movie,8.5,2026-03-24,　　“逝去的人会变成云，只要你足够思念，TA就会变成雨，穿过云层回来看你。”  　　随着雨季的临近，逝去的爱人秦天（屈楚萧 饰）竟然真的如约回到了妻子萧凡（王子文 饰）身边，而且是8年前相爱时年轻的样子！但秦天的记忆却被清零，忘记了与萧凡共度的时光。然而，在雨滴的见证下，两人在日复一日的相处中，曾经紧密相连的心也再度同频。这场奇迹似乎给了他们一次重新书写爱情的机会，倘若可以的话，真希望时间定格，雨不要停……,https://images.tmdb.org/t/p/w342/8qJpAnd4OvPVxWmR4xMX799r46e.jpg,https://images.tmdb.org/t/p/w780/qxoyP2yjtFhkdN4uWGF75uWeVwr.jpg,屈楚萧;王子文;王皓;何蓝逗;黄毅;吴彦姝;牛犇;陈庭煜
我要我们在一起,2021,,movie,7.5,2026-03-21,你有没有爱过一个人，曾经拼了命，只为和TA在一起。十年前，差生吕钦扬当众告白凌一尧，两人从校园步入社会，为了让她幸福，他不惜以命相搏。然而金钱、房子、婚姻等现实的考验，却将两人越推越远。十年长跑，他们能否还记得曾经刻在心底的约定：我要我们在一起。,https://images.tmdb.org/t/p/w342/1djhKzjDLQ7RGyr0fCbwr1aWlkQ.jpg,https://images.tmdb.org/t/p/w780/o6AoweA98cmZ6TzhugdNQZ4wY7Q.jpg,屈楚萧;张婧仪;孙宁;张垚;郑晓婉;李嘉灏;裴魁山;王春妹;张子贤;金世佳
一闪一闪亮星星,2023,,movie,8,2026-03-21,张万森（屈楚萧 饰）计划在高考后向暗恋已久的女生林北星（张佳宁 饰）表白，突如其来的演唱会事故却让一切变成了一场无可挽回的悲剧，没想到的是，痛苦无助的张万森竟意外重启了这个夏天，再次回到悲剧发生前的林北星身边，而重启夏天的秘密，仿佛没有想象中那么简单……这一次，拼尽全力 的张万森能否成功守护林北星，让所有刻骨铭心的遗憾都得以圆满？星河流转中的某个瞬间，青春里的那场绵绵大雪，能不能落在相爱的两人身上？ 电影版《一闪一闪亮星星》改编自同名电视剧。,https://images.tmdb.org/t/p/w342/5WAb43IVUkc7Ryuof2yj7zBiuK8.jpg,https://images.tmdb.org/t/p/w780/aZHgv0ukYln6a4LRcpGgGcu26G7.jpg,张佳宁;屈楚萧;傅菁;蒋昀霖;李尉尔;俞芊芊;于垚;张博鑫;莫宗龙;孙天宇
一闪一闪亮星星,2022,,tv,9,2026-03-19,一直为了追随爱情而放弃自我的林北星（张佳宁 饰）因男友出轨伤心至极，在收拾与前男友有关物品时意外删除旧手机中短信而频繁穿越回高中，但每当在最爽的时刻时总是被拽回现实世界。几经探索，林北星发现穿越的钥匙与张万森（屈楚萧 饰）有关，因此决心拯救张万森，展开了一段奇妙的时空救赎与相互成长的故事。,https://images.tmdb.org/t/p/w342/gPO0rT6tMEERZpiMvmb9XuvlGVW.jpg,https://images.tmdb.org/t/p/w780/6OTyoEqRq073t9IcaBesrhPtnRz.jpg,屈楚萧;张佳宁;吴希泽;傅菁;骆明劼;蒋昀霖;徐紫茵
生死钟声,2013,,tv,8,2026-03-15,　　讲述了因共党叛徒被国民党俘获后，出卖共党内部机密，潜伏在国民党内部的共产党员，为拯救共产党进步人士，并将共党人士安全送出上海，与国民党周旋斗智斗勇的故事。,https://images.tmdb.org/t/p/w342/1RfEknoGuYkeZiFYOhqpDYuEYem.jpg,https://images.tmdb.org/t/p/w780/ztXCgf5noHUevSZ7bz5TMAtRsDi.jpg,黄觉;王伟光;边潇潇;于毅;彭博;王翔弘;宋佳玲;隋名旸;武嘉辉;郝泽嘉
今日宜加油,2023,,tv,9,2026-03-15,企划三部曾是高发电子公司内部最神秘和风光的部门，但近三年却因屡次提出不靠谱的企划而导致地位一落千丈。但是企划三部的众人却以各自的方式，演绎着“平凡奋斗者”的生活。无论是职场“黑洞”李天然，还是追求内心平和淡然的女孩范思思，抑或是冷面热心肠的吴意美、选择奋斗不做纨绔子弟的白马帅，他们有自己的梦想、有自己的执着，也有对企划三部的深厚感情。他们和同事一起进步，陪公司一同成长。虽然面临着副董的故意挑刺、企划一部的竞争，但他们用努力一次次成功化解了危机，使企划三部重回巅峰，也让自己在笑中带泪的职场生活中成长，并收获了珍贵的爱情与友情。,https://images.tmdb.org/t/p/w342/c8vWXsLpfMvxeB2IhzH4kYUPGcw.jpg,https://images.tmdb.org/t/p/w780/8fAecVbCiAaZElg6m20LxtW042l.jpg,郑恺;陈钰琪;王鹤棣;张绍刚;梁超;钟丽丽;吴亚衡;程梓;袁文康;石羽